date,ccf_fwhm_obs,ccf_fwhm_sid,ccf_contrast_obs,ccf_contrast_sid,ccf_area,ccf_rv_fit,ccf_rv_top,ccf_rv_bottom,ccf_bis,ccf_curv
2021-01-01,6732.050683868266,6777.78741080193,0.5393790871361773,0.5357393397485918,3865.2153100050177,596.4203797923651,568.5012450125516,595.1688120490145,-26.667567036462856,3.7737608734618107
2021-01-03,6732.555064080326,6778.42996366382,0.5393677433161291,0.5357174229328189,3865.4236041079625,596.2269961022113,568.1595241095915,595.0146969197276,-26.855172810136082,3.605101935276707
2021-01-04,6731.647393489505,6777.602060264563,0.5394140526953336,0.5357566244744105,3865.234310122657,595.5764679107047,567.0318678685701,594.3211715229668,-27.28930365439669,3.323926476623228
2021-01-07,6731.349559646588,6777.52186733189,0.5395251656302281,0.5358496154159949,3865.859454832635,595.6495491252684,566.8737492503305,594.4125039841387,-27.538754733808105,3.710248355253384
2021-01-09,6732.069873074057,6778.405213527695,0.5395599968803326,0.5358717110132204,3866.522738741907,595.9981290120646,567.072983820262,594.7473491310477,-27.674365310785674,3.062496801038833
2021-01-10,6731.11949239096,6777.538117061448,0.5396010458332791,0.535905376700075,3866.2710114617053,596.2751466303544,567.1922807493715,595.0260964235879,-27.83381567421634,3.277049112674945
2021-01-11,6730.963128151069,6777.453902630887,0.5396410438482065,0.5359393100658696,3866.4677791017502,596.1253660152764,566.8019596095452,594.8752561562137,-28.07329654666853,3.5286918691574556
2021-01-12,6731.5590194535025,6778.133659984718,0.5396371188534423,0.5359291062811502,3866.781952359775,596.2154083838116,567.3827861444806,594.9047761448061,-27.521990000325445,3.4844908199777365
2021-01-15,6732.046282423233,6778.844415348849,0.539461486101606,0.5357372834517162,3865.8032572943266,595.4919218331889,566.6740314570256,594.1994757802576,-27.52544432323191,3.2690814754816984
2021-01-16,6731.866232940056,6778.740205369339,0.5394497786144715,0.5357195642555073,3865.6159717745063,595.7260171770528,566.7399898025196,594.444058043362,-27.70406824084239,3.3044983213616206
2021-01-17,6731.443858875607,6778.3996408123,0.5395026997619496,0.5357654206892092,3865.7526345837723,594.7565815715021,565.7568838067857,593.4874893652138,-27.730605558428124,3.363907321384545
2021-01-30,6730.774320534452,6778.660090262042,0.5395401776002494,0.5357287611316078,3865.6366472012187,596.1445512066318,568.1254621611303,594.9033369099448,-26.777874748814497,3.3896034414822225
2021-01-31,6730.9231485992195,6778.873943448238,0.5395143291605768,0.5356980403297913,3865.5369224589977,595.6142170516398,567.27721374258,594.3815296987605,-27.10431595618047,3.4661417476723955
2021-02-03,6729.513967471013,6777.682231379058,0.5396265381014638,0.535791469915659,3865.531427918602,595.5734935675612,566.6911468035123,594.3646098120944,-27.673463008582075,3.395264299370524
2021-02-04,6729.554385781331,6777.793414256603,0.5396386900439297,0.5357979642288537,3865.641693875617,594.5757196774132,565.6430786760307,593.3191188777487,-27.676040201718024,2.9727022365642597
2021-02-06,6729.86059515205,6778.224939217296,0.5397001543156394,0.5358492576296404,3866.2579014894814,594.8772724153274,566.2857617721013,593.6204818650209,-27.33472009291961,3.6274684646510877
2021-02-08,6730.524582774485,6778.996752347727,0.5396450173810964,0.5357863690076785,3866.244333504307,596.1757545254467,567.2290087069757,594.9605759303009,-27.731567223325214,3.2799140297780696
2021-02-11,6730.002976141697,6778.621419210247,0.5396358651749864,0.5357654239796121,3865.879139571137,595.1230539225865,566.507948820338,593.8956511730403,-27.387702352702263,3.0935212789969455
2021-02-12,6730.415338360711,6779.084595793424,0.539621764336662,0.5357476438424151,3866.0149878573116,595.8557103355593,567.3313905016369,594.6721405464981,-27.340750044861238,3.5358965353208305
2021-02-14,6729.247587635234,6777.986912827056,0.5396994789836019,0.5358185938844793,3865.9008955078034,595.3843822032625,566.676740221546,594.1539185562779,-27.47717833473189,3.143517446374858
2021-02-18,6729.679422675882,6778.540556659396,0.539635169451732,0.5357453666104856,3865.688298678413,595.3819887448539,566.5113138506832,594.175102992974,-27.66378914229074,3.230511911437361
2021-02-20,6729.840279960801,6778.731354373932,0.5396299792968137,0.535737939902697,3865.743518261191,595.900779891137,567.4401054954157,594.630373939042,-27.190268443626337,3.5165676888182134
2021-02-21,6729.366543697638,6778.278454556273,0.5397183297038949,0.5358237338993358,3866.104266116675,596.5055256874232,567.8825436425808,595.3148593844139,-27.432315741833122,3.303037074051872
2021-02-22,6730.794116314302,6779.7084309747615,0.5395579300799108,0.535665121615037,3865.775207706727,595.6606028487,566.7486150376844,594.4434125315775,-27.69479749389302,3.187353829765925
2021-02-24,6730.961629443114,6779.9003836206175,0.5395092887109524,0.5356149966177395,3865.5229075730267,596.2135836258439,568.4706201037973,595.0289880154708,-26.558367911673486,3.5834445911729063
2021-02-25,6731.064926470262,6780.01033494386,0.5395597873935227,0.5356646643944039,3865.94405289661,596.0271906043574,567.5770985924503,594.8278128360278,-27.250714243577477,3.209397243116541
2021-03-01,6729.314702308384,6778.262788573277,0.5396950675859947,0.535797750301473,3865.9078529401977,594.2616867530573,565.5212629965401,593.0518195041042,-27.53055650756403,3.4749030029491905
2021-03-02,6730.582395356289,6779.531312732782,0.5395882327244252,0.5356923498672505,3865.8707103292827,594.3131797324203,565.3538101021798,593.149812504143,-27.79600240196328,3.2158504120156977
2021-03-05,6730.165091291671,6779.070851975713,0.5396435895139532,0.5357504777852633,3866.027599962101,596.031938806925,567.2415854830572,594.8189639325433,-27.577378449486105,3.5987700954215143
2021-03-10,6729.119561794618,6777.925891473192,0.5397265868854604,0.5358401363462235,3866.0215175394887,595.3854771789514,566.5708360487879,594.1735218605482,-27.602685811760352,3.6938201336189422
2021-03-14,6730.729294717541,6779.356786114568,0.5396170114570932,0.5357464050839245,3866.161274725595,596.3022489815952,567.5132118436679,595.143371571964,-27.63015972829612,3.620335028651766
2021-03-17,6730.042129659273,6778.521377914081,0.5396039726704367,0.5357447836981035,3865.673155349203,596.3390920804941,567.5061815861125,595.1788852507848,-27.672703664672326,3.4746389038207326
2021-03-20,6729.930775450041,6778.229204696077,0.5395554156110781,0.5357108009959287,3865.2613419896643,595.3902851904072,566.83041210013,594.224287195052,-27.39387509492201,3.3137127495489267
2021-03-22,6730.878305942566,6779.0299751738585,0.5395630117121616,0.5357304781838321,3865.8599701827766,596.6238930369705,567.6831860951463,595.448657489956,-27.76547139480965,3.575757169203257
2021-03-27,6732.581541518212,6780.341556293779,0.5394323715815236,0.5356326665337391,3865.901971480395,595.5784698863347,567.3004786270078,594.3743187864275,-27.07384015941966,3.697512900973834
2021-03-28,6732.05154315031,6779.735564749926,0.5393704438147985,0.5355768811238312,3865.1538649170166,596.0979832406808,567.8062621317104,594.9602799754201,-27.154017843709767,3.484617677280994
2021-03-30,6732.152713973055,6779.67247438685,0.5394457613119243,0.5356647035350738,3865.7516881639585,594.9385603812855,566.2819646934595,593.794853458352,-27.512888764892523,3.352875725343324
2021-03-31,6730.821462517782,6778.2696819948105,0.5395563677451265,0.535779446767048,3865.7797200510245,594.5367289355609,565.7801416576268,593.384154710656,-27.604013053029234,3.2473493389295527
2021-04-02,6731.19738489834,6778.471086098981,0.5395609593137537,0.5357980099338503,3866.0285265166017,596.1718783632455,567.3823149102374,594.9935853127222,-27.61127040248482,3.226378301715158
2021-04-03,6730.676590311882,6777.864353253234,0.5396327057372683,0.5358757612387393,3866.243444054037,595.4891895678068,566.4934451221338,594.3088265510332,-27.8153814288994,3.2630453059801994
2021-04-04,6731.547741700231,6778.6472760023,0.5395494303079942,0.5358005220279576,3866.147140927561,595.0480123977154,566.134027576643,593.8810051749457,-27.746977598302692,3.2652142780228814
2021-04-13,6732.949182062021,6779.169222627269,0.5393632445460674,0.5356858926134568,3865.6176399848787,595.8364587311919,567.075504843797,594.6942051279889,-27.618700284191846,3.3772742842677417
2021-04-17,6733.598552527591,6779.383266497355,0.5393110082816666,0.5356687595277208,3865.6160523609137,595.417390895745,567.0300407954112,594.26586011939,-27.23581932397883,3.235779315453783
2021-04-18,6734.071823118375,6779.756539758757,0.539351347914578,0.5357169823802719,3866.1769094152332,595.9815055583946,567.2218719549103,594.8243716781012,-27.60249972319093,3.2659213162222613
2021-04-19,6734.840285253569,6780.407044282834,0.5392062320126477,0.535582573391457,3865.577762088771,595.384439727719,567.0583403533481,594.2391600811627,-27.18081972781465,3.62592388002372
2021-04-21,6735.3353620818825,6780.675116593928,0.5392108590685047,0.5356053644001987,3865.895093847736,596.5181465029193,568.4456595621787,595.3303568872442,-26.88469732506553,3.983920350433209
2021-04-23,6734.999301818752,6780.13807984305,0.539259527093241,0.5356694060950691,3866.051114662283,596.231811985669,568.0157636830866,595.0843801938454,-27.06861651075883,3.136558516979676
2021-04-24,6734.683504822554,6779.727006677483,0.5392164675307772,0.5356339932023111,3865.5611521343812,598.2884728067762,570.1202032141205,597.0956996728822,-26.975496458761768,3.2797490511734395
2021-04-29,6732.812612140451,6777.350974105715,0.5393105351533246,0.535766376393049,3865.161469817951,595.1362768212932,566.575453247416,593.9493390516657,-27.373885804249653,3.2949292426164902
2021-04-30,6734.148582578118,6778.585363466131,0.5393058566093046,0.5357704557997299,3865.8948843169587,595.8418340826244,567.2221941263462,594.7002553462465,-27.478061219900383,3.104109990482357
2021-05-03,6734.45961887732,6778.616338313428,0.5393569815664947,0.5358435455314258,3866.4399368383997,594.503272870687,565.6603898439787,593.3123271674865,-27.65193732350781,3.47626215268383
2021-05-04,6734.341173491055,6778.403886685158,0.5392941888187596,0.5357885309136818,3865.9218052467304,593.713283910676,564.5026442877945,592.5271286776119,-28.024484389817417,3.25669987447111
2021-05-06,6734.140437219713,6778.040386125569,0.5393088117647441,0.5358158214707628,3865.911391637461,594.5292656755197,566.184528987842,593.3127478192438,-27.128218831401796,3.311527094847179
2021-05-07,6735.32720819191,6779.126569848068,0.5392417536325218,0.5357577584092285,3866.1119133589596,594.6599481145107,566.0883022942107,593.4570802894306,-27.36877799521983,3.5975960391231183
2021-05-10,6736.741776568805,6780.269743885505,0.5391082029080716,0.5356472367337525,3865.9661852559675,595.6985861856565,566.621488062124,594.5057066180781,-27.884218555954135,3.3280377788631768
2021-05-11,6736.02775623636,6779.487846537702,0.5391794925312797,0.535723067803561,3866.0676019918774,595.2463309146269,566.5310113570131,594.032049483592,-27.50103812657892,3.5793686485844773
2021-05-12,6736.167362129298,6779.552047858921,0.5391446416481851,0.5356944696197686,3865.8978314810074,596.0471051382982,567.2300241813602,594.8630982779524,-27.633074096592168,3.2278196524219993
2021-05-14,6737.288642134669,6780.490597470654,0.5389984105166625,0.5355641774147106,3865.492621635198,595.7200529313054,567.0445292273639,594.5497725019147,-27.50524327455082,3.027434682098601
2021-05-16,6736.565215791565,6779.638544244923,0.5389909252017094,0.5355665342104965,3865.0238825598108,594.8439595932616,566.6651809303723,593.6075869815737,-26.942406051201374,3.4553506079644194
2021-05-17,6735.792625877601,6778.796649018534,0.5390710860381327,0.5356512717762684,3865.1553738484104,595.1074890482056,566.629651545905,593.8610514008868,-27.231399854981873,3.0356990148953855
2021-05-19,6736.473564035175,6779.337346456013,0.5390278145202546,0.5356196980953574,3865.23582268473,594.9232767604076,565.6434372791584,593.7058033976388,-28.062366118480327,3.2970606916669567
2021-05-21,6736.733306482947,6779.46919253469,0.5390009784284098,0.535603266344806,3865.1924145821235,597.050873802064,568.5745920497509,595.8399893512366,-27.265397301485677,3.115782048973756
2021-05-22,6736.926616606426,6779.602571143864,0.5389703230413793,0.5355776355258836,3865.083489005661,596.4775813884477,568.1536753649286,595.308148425565,-27.154473060636406,3.387982918672492
2021-05-27,6737.604186670946,6780.027979318718,0.5389882665016921,0.535615724894578,3865.600911616947,595.660630486902,568.2545020881921,594.4388721096284,-26.18437002143628,3.4983889160986337
2021-05-28,6736.371034273408,6778.769974928698,0.5390320200659408,0.5356605549307313,3865.207149905955,596.0055786678655,567.9256726528348,594.7898634328908,-26.864190780055992,3.1957082575514733
2021-05-29,6737.530168423046,6779.883971673666,0.5390298912181325,0.5356625819759332,3865.856972155632,594.7925127423943,566.2977337409346,593.563238942657,-27.265505201722362,3.6933525618158
2021-05-30,6736.461379368489,6778.792526668683,0.539066123028081,0.5356998469001907,3865.5035317856164,593.8471189055055,565.0233845245004,592.5978382632974,-27.574453738796933,3.215538521351391
2021-05-31,6736.927588761645,6779.237694144588,0.5390520201589857,0.5356877262945716,3865.6699161582005,595.3409338703254,566.2429640570911,594.0702470372937,-27.827282980202654,3.2140355921651462
2021-06-01,6736.7295059512,6779.0086783204015,0.539036508420045,0.535674657368627,3865.445020538951,595.25777966344,566.46453587556,594.0285929695283,-27.564057093968245,3.1617764411795406
2021-06-02,6737.3253580478395,6779.5852410713,0.5389640670970156,0.535604487178854,3865.267387893651,595.8651098848732,567.4143419847185,594.6699810246399,-27.255639039921448,3.354040958420569
2021-06-03,6737.123050030046,6779.360678759481,0.5390288157972112,0.5356704904218639,3865.615663628379,595.2505949122069,566.9359996927278,594.0077623663384,-27.07176267361058,3.147924211352006
2021-06-05,6736.472585366376,6778.6844895582735,0.5390450860442746,0.5356883699200378,3865.359110977616,597.4167977923693,569.2789667272525,596.2025838860555,-26.92361715880304,3.3745279321320822
2021-06-06,6737.05093805287,6779.253875635374,0.5389597492883563,0.5356045593108211,3865.078985945513,597.0376345710096,568.6107130304949,595.768903612236,-27.15819058174111,3.3129667405254395
2021-06-10,6737.1622508400615,6779.331029023587,0.5389209336581392,0.5355687389928255,3864.864480846202,594.8952553274589,566.5641584938558,593.6187845095336,-27.054626015677854,3.104293331126655
2021-06-11,6737.300965387373,6779.486720039852,0.5389162658382987,0.5355628276935372,3864.910580428593,594.9918476125728,566.9652031982341,593.7841799980687,-26.81897679983456,3.418575107149536
2021-06-12,6736.613186267806,6778.8113156484615,0.539034569456975,0.5356790769608079,3865.3643737497505,595.0279990246501,566.4506440833843,593.7487818203917,-27.298137737007437,3.3482434095137705
2021-06-13,6737.240244951831,6779.442040127169,0.5390526041675944,0.535697020115815,3865.853507507136,596.1723951329136,567.3829067125462,594.8851351043751,-27.502228391828908,3.638007716671723
2021-06-18,6737.7597567352495,6780.016680695646,0.5389466002662737,0.5355875782197631,3865.391332276844,596.412305371714,568.3729919629238,595.1398775976901,-26.766885634766254,3.4379303571270157
2021-06-19,6736.0237385589435,6778.309269781601,0.5390928988232092,0.5357298434213662,3865.444395381156,596.0501069004137,567.5994770476473,594.8212311705876,-27.221754122940297,3.102656003246011
2021-06-20,6736.379549250923,6778.702133535176,0.5390428840787389,0.5356773891145353,3865.2899377204594,596.6225348725837,568.5873255752911,595.3697249029225,-26.782399327631424,3.214066665418045
2021-06-21,6736.575629571069,6778.929233489344,0.5390185725719366,0.5356508756479853,3865.22811283414,595.5471383848219,567.5419947006569,594.2924790481605,-26.75048434750363,3.131841591463285
2021-06-25,6737.0977438458,6779.601718014912,0.5389660351505126,0.5355870463265535,3865.1509172044766,595.4553787162206,566.3761042071677,594.2005663587805,-27.824462151612806,3.1809054705155404
2021-06-27,6737.316654487924,6779.90807463116,0.5389604703336324,0.5355747176685678,3865.236599845795,596.8141735163266,567.6586440755078,595.5669468552451,-27.908302779737255,3.527764898575697
2021-07-10,6735.325433672383,6778.78018442005,0.5391186114820892,0.5356626409021276,3865.2280232136413,595.3529257172108,566.8644621993628,594.1342940124592,-27.269831813096403,3.437414049484005
2021-07-11,6736.073295271867,6779.582806965471,0.5391224448979284,0.5356625042218633,3865.684688375739,595.4484362718814,566.714985616042,594.2506922902041,-27.535706674162157,3.436019984340419
2021-07-28,6734.266223777854,6779.214126701643,0.5389514349476919,0.5353780507285314,3863.4217812269962,596.8049593013877,569.455218167806,595.7279770422327,-26.2727588744267,3.4321386667132856
2021-08-02,6734.061399570848,6779.468201628312,0.53925141378441,0.5356396729403368,3865.4545785707387,595.3487608824513,567.1911521367385,594.2070154559523,-27.015863319213736,3.418914179119838
2021-08-21,6732.761790007709,6779.578873542645,0.5393665644200399,0.5356419127899883,3865.533844645295,597.1305134297676,568.3233070318483,595.9059400169172,-27.582632985068813,3.615203564907688
2021-08-22,6733.058268114721,6779.962057917546,0.5392933914524881,0.5355625587931517,3865.17962464177,596.7001169538809,567.9723291443031,595.4876809184145,-27.515351774111423,3.647711158596053
2021-08-23,6733.498056280883,6780.460514487232,0.5393040294696553,0.5355687311237141,3865.5083383585556,596.75921315256,568.1301481452482,595.5855548568277,-27.455406711579485,3.376593700276544
2021-08-24,6732.739089105747,6779.763980138643,0.5393314643554893,0.5355906256749353,3865.2692568013094,596.2966037031783,567.8825203617752,595.0771290499282,-27.19460868815304,3.585693353492047
2021-08-25,6732.757213632856,6779.844763061835,0.5393293900137325,0.5355836258851592,3865.2647957140443,597.4915466575941,569.1666899250023,596.323663922296,-27.156973997293676,3.5672556675818896
2021-08-26,6733.586200861755,6780.715364267056,0.539203684918671,0.5354559655100095,3864.83970196266,597.6386561345818,569.5417454844644,596.4487214668359,-26.906975982371478,3.515026981663368
2021-08-29,6732.772318329568,6780.044859367951,0.5393331594933709,0.5355727641797199,3865.3004824552336,595.9418247964021,568.6635691303577,594.7753070913092,-26.111737960951473,3.4528294425920194
2021-09-04,6733.238508019999,6780.766686889018,0.5393115121871106,0.5355313358145903,3865.4129700953904,597.8761878376149,568.7764429219693,596.5897469498366,-27.813304027867275,3.2366186608179532
2021-09-20,6732.124156260498,6779.804877801174,0.5393808919855849,0.5355875571361803,3865.270428045702,596.0850005999575,567.4397029754477,594.8206792205883,-27.380976245140573,3.4940005600011546
2021-09-21,6732.407024799072,6780.0649362877575,0.5393980919837668,0.5356065963614545,3865.5561004150254,596.9413467125472,568.5105784535139,595.6812638332675,-27.17068537975365,3.578692727330008
2021-09-28,6731.551747718956,6779.087206624513,0.5393607996496064,0.535578761987964,3864.7978059354705,596.6359204706068,568.9707488736772,595.3733294739916,-26.402580600314423,3.542834249151724
2021-10-28,6736.5945069934405,6782.605954868658,0.538957175212389,0.5353010288669775,3864.7986708235244,597.5572725219382,569.4953258235508,596.3168515702415,-26.821525746690668,3.540925083045636
2021-10-29,6737.541270938754,6783.490140673577,0.5388924615213955,0.5352422019939207,3864.8777118189996,598.4820811728016,570.6609088921601,597.2750384907843,-26.614129598624118,3.157127208011161
2021-10-30,6736.870769843732,6782.76856266006,0.538876523466922,0.535230041532712,3864.3787954895265,598.8150531646539,571.244535318144,597.5708121813822,-26.32627686323815,3.202988865475959
2021-10-31,6736.805767101516,6782.647986234432,0.538868180991998,0.535226105907617,3864.2816840729474,597.7670738541758,569.9165068137686,596.5853899375655,-26.668883123796945,3.2655371205839856
2021-11-03,6735.981391904968,6781.6634807094915,0.5389049198861674,0.5352747924878585,3864.0722426769166,596.4923557479664,568.8883839768725,595.3557257141597,-26.467341737287143,3.2721866457529813
2021-11-04,6736.553099256045,6782.178481615927,0.538951022796213,0.5353253667396847,3864.7307971326636,596.386889103169,568.6768102907846,595.2446679812183,-26.567857690433698,3.218047399731404
2021-11-06,6735.164921114385,6780.685868127981,0.5391096778881865,0.5354904594847774,3865.071861073823,596.3522633472463,568.1714482930206,595.1691965122175,-26.997748219196865,3.4910012453387935
2021-11-08,6735.0592153839725,6780.452015806382,0.5392307099031917,0.5356207452667324,3865.878908891633,597.4508491436153,568.5778096477704,596.2443243832053,-27.666514735434816,3.3198528694458673
2021-11-09,6735.765888913945,6781.100519641128,0.5391557290633173,0.5355512365755959,3865.746922097919,597.28636702346,568.6842281278753,596.0906496688434,-27.406421540968154,3.6193424471715616
2021-11-10,6736.310065671793,6781.606662997428,0.539051421809217,0.5354509188008766,3865.311288981817,596.7754705738759,568.2368724650269,595.5760739805384,-27.33920151551149,3.3716247737365848
2021-11-11,6737.095532565584,6782.335978093305,0.5389665037621011,0.5353714172265075,3865.1530091760787,596.8774529723829,568.6680832834418,595.6551745913124,-26.987091307870628,3.2873986646059166
2021-11-12,6736.426826380185,6781.62377340863,0.5389750600694332,0.5353829959777728,3864.830719116479,597.649008743078,569.7091731437444,596.5102996309248,-26.801126487180454,2.777718750835106
2021-11-13,6735.5875400132445,6780.739237544697,0.5391154432981266,0.5355255725513574,3865.3557239434745,595.8812364388842,567.8129738870603,594.6881564652532,-26.87518257819295,3.10323833281268
2021-11-14,6734.659827961995,6779.774072270241,0.5391530896109562,0.535565435517328,3865.0932170271863,594.9122385214633,567.007834207441,593.7190669420529,-26.71123273461194,3.472034025993594
2021-11-15,6735.218803923779,6780.2751234436255,0.5391845232190864,0.5356015314206685,3865.6393799877164,594.3950656330193,566.299325826144,593.1970670870226,-26.897741260878547,3.4035198479023165
2021-11-18,6735.314663621249,6780.270871332767,0.5391716051686168,0.5355966579232794,3865.6017818741675,596.3794567151941,567.9475442315826,595.150671725511,-27.203127493928378,3.3921175284546052
2021-11-19,6735.51063065601,6780.425707796304,0.5390959609903586,0.5355248671214203,3865.1719050582597,596.641574376812,568.0285267222255,595.4596129669992,-27.431086244773724,3.5105400238340962
2021-11-26,6736.659725304147,6781.401310120669,0.539008758517915,0.5354525457260122,3865.205988120827,597.0889869713394,569.0510107476689,595.9093256959679,-26.85831494829904,3.3735049946299114
2021-11-27,6737.16208399367,6781.885486389858,0.538916714027442,0.5353628072108422,3864.83412410648,596.6900925662688,568.9424560005104,595.5589735175463,-26.616517517035845,3.4780818008409824
2021-11-28,6737.314102564419,6782.026451804026,0.5388841371918384,0.5353313973266913,3864.68770131868,594.6079265050644,566.979761559207,593.4488053614643,-26.469043802257374,3.463661726551436
2021-11-29,6737.466607850815,6782.170329953288,0.5389329515709976,0.5353806507990025,3865.125269572108,595.4644338462164,567.8695909163399,594.3310579055295,-26.461466989189603,3.1929654035039903
2021-11-30,6735.873241989174,6780.571440711634,0.5390431104732106,0.5354896848832613,3865.001045243769,595.5611616822364,568.0310604596912,594.4704453819392,-26.439384922247996,3.1907083491871617
2021-12-02,6735.82681316959,6780.5301368203445,0.5390819208012423,0.5355278102680577,3865.2526772773476,595.6781607414395,567.383865893963,594.5406265581487,-27.15676066418564,3.6364794409732895
2021-12-03,6735.982821676042,6780.681633213484,0.5390275254662233,0.5354742116435701,3864.952173259306,596.8924011377169,568.6226909421207,595.7376086268554,-27.114917684734678,3.5863670087668424
2021-12-05,6735.11308280104,6779.8204154503555,0.5391036271140571,0.535548682629847,3864.998733057758,595.9018674570488,567.7214438846131,594.7594486342135,-27.038004749600418,3.3219684594641876
2021-12-06,6735.447362867465,6780.159502136968,0.5391189295534199,0.5355636797612254,3865.3002756700807,595.4143779676256,567.1957751545239,594.2585883853795,-27.06281323085568,3.6906662298835045
2021-12-10,6734.646251422295,6779.397942933337,0.5392133554821357,0.5356539376774435,3865.5174598150106,596.7190730074394,568.5127754132484,595.5369289740705,-27.02415356082213,3.3056046512239163
2021-12-11,6734.788661178104,6779.55656783064,0.5392539550299421,0.5356930627386464,3865.8902559818644,596.1056054592667,567.3581184067557,594.9545025498985,-27.596384143142814,3.0069535215970973
2021-12-12,6735.881992099351,6780.662177090967,0.539125939356326,0.5355654966344159,3865.599959382654,595.7948810412298,566.8640666724424,594.6440545226831,-27.779987850240673,3.4629810313020926
2021-12-16,6737.55101670656,6782.418051824908,0.5390014185015158,0.5354358176512055,3865.6647309737145,599.2939445220896,570.4135759288437,598.1013825825461,-27.68780665370241,3.5460300643889013
2021-12-19,6739.742180695364,6784.710227797666,0.5384901015682082,0.5349210695184338,3863.2536026777234,599.5155186649822,572.4363836526938,598.410574563361,-25.974190910667176,3.7685766486416696
2021-12-20,6740.1781410761205,6785.188423299715,0.5384639191515682,0.5348919604296837,3863.315646412538,598.2457854228275,571.7393373619589,597.1278530836885,-25.38851572172962,3.6217241360262733
2021-12-23,6738.283253122234,6783.447694678907,0.5386592659560206,0.5350728529649815,3863.6307002364615,597.5570458216578,570.5786430323872,596.4656425446783,-25.88699951229114,3.792062168374855
2022-01-01,6735.3214027864915,6781.02999678219,0.5391123171741888,0.5354783462235385,3865.18058277953,594.79763350426,567.4265060984549,593.6438282095696,-26.217322111114754,3.656889901112777
2022-01-02,6734.286586320022,6780.089380476596,0.5391434195070837,0.5355012440608924,3864.8096902380353,595.9149079729752,567.8113094732691,594.7697457161767,-26.95843624290751,3.337348882843571
2022-01-04,6734.162176027888,6780.102389035921,0.5392747736489761,0.5356207878313939,3865.6798761697723,596.1849207768992,567.3272064798876,594.9735975534684,-27.64639107358073,3.2253588355010834
2022-01-05,6734.701752777678,6780.706004511567,0.5392252008051905,0.5355667835456023,3865.6342337524484,596.7352926143103,568.064575761677,595.5365456554491,-27.471969893772098,3.1805498379890196
2022-01-07,6736.699563409864,6782.82815229841,0.5391389601333665,0.5354723893626824,3866.1625205836594,597.3479785531885,568.5522015043146,596.0931784391166,-27.540976934802075,3.5232884402954596
2022-01-10,6738.1451748391955,6784.48300559024,0.5389565135934805,0.5352754555543506,3865.6835467981455,596.318871575215,568.7901413307804,595.0898708480828,-26.299729517302353,3.832986369433115
2022-01-17,6736.467312596146,6783.331983479415,0.5387317323533336,0.5350097436031734,3863.10910535711,597.1421250629033,570.7140912332283,595.9598730056963,-25.245781772468035,3.242374066447951
2022-01-20,6734.875692403007,6781.997568839944,0.538877100603872,0.5351329382252213,3863.2385241015604,596.3139930930366,568.6703223110562,595.107590131615,-26.43726782055876,3.3733771406594997
2022-01-21,6734.509733960845,6781.712008890883,0.5389455636819256,0.5351943786366321,3863.5193929230327,596.7492977084236,569.3716933071457,595.5109838212106,-26.139290514064896,3.7754614584605406
2022-01-24,6735.439164377375,6782.870377075995,0.5388786898173267,0.5351104223531772,3863.5731352581433,596.8313645779335,568.8174052352445,595.6975950355273,-26.880189800282892,3.4262127313451174
2022-01-27,6735.3345641014885,6782.999558963542,0.5389827585507787,0.5351952586115949,3864.2592596992863,596.1019286704632,568.1069360899053,594.8936047792909,-26.78666868938558,3.150224574642607
2022-01-29,6735.702363114494,6783.512844822656,0.5390773931108632,0.5352779531404235,3865.1488002525125,597.4204007245397,569.9712774292159,596.2554351367073,-26.28415770749143,3.621162580735927
2022-01-30,6737.412591046874,6785.276397090866,0.5389661738616336,0.5351642694291117,3865.3325434881704,596.7941884981939,568.711021699267,595.5870693809978,-26.876047681730824,3.3385338146495087
2022-02-03,6735.775820932487,6783.910649269674,0.5389831900630273,0.5351588673866804,3864.515515650833,598.5949109036965,570.9841715894656,597.3958019588575,-26.4116303693919,3.6376506701043354
2022-02-04,6736.725907018045,6784.913318635537,0.5388303783783108,0.5350035290118482,3863.9647923425014,599.7441629195428,572.2381966968808,598.5637504597977,-26.32555376291691,3.748804559573955
2022-02-05,6738.5612461554865,6786.780624217521,0.5386734509388814,0.5348462314925777,3863.8918458228445,598.6150509167,571.1796663109772,597.4794835781398,-26.299817267162666,3.34212710719828
2022-02-06,6738.034194937876,6786.32477235436,0.5386499377865954,0.5348169770318977,3863.420988499663,599.5085041476343,573.1188738931409,598.4115977091503,-25.29272381600947,3.3671336472117446
2022-02-07,6738.15281576059,6786.480988430081,0.5386085353880782,0.5347729737260218,3863.192042305755,598.5037094034395,572.7197850561652,597.3970662625554,-24.677281206390262,3.7372178306811747
2022-02-08,6736.959313577018,6785.359742852088,0.5386870953237225,0.5348446038941304,3863.0711450670156,597.9218488112099,572.2190383023685,596.8266174399392,-24.607579137570724,3.481265467090452
2022-02-09,6734.896762965509,6783.356881374345,0.5388746818520636,0.5350249756746135,3863.2332703180373,597.6071222354686,571.7617994125808,596.4881951191268,-24.726395706545986,3.4167478596629053
2022-02-10,6735.129445784374,6783.636618257489,0.5388769290336092,0.5350236276837013,3863.3828512871687,598.3477682526482,572.1876416752459,597.2082743885285,-25.020632713282566,3.4982390680175968
2022-02-11,6734.867442070802,6783.41797479808,0.5389172304762818,0.5350600719268985,3863.5214844035168,597.3046223915718,570.4550139654875,596.1585818808185,-25.70356791533095,3.1371712193338226
2022-02-12,6733.87884898602,6782.480315744077,0.5390237871930641,0.5351612847668861,3863.718166159955,597.5320272270685,570.6981231822903,596.3947066884883,-25.696583506198067,3.2871467590150587
2022-02-13,6733.14997433996,6781.793921881891,0.539075046728875,0.5352084092880595,3863.6673457050288,595.7232500042841,568.3271573061915,594.5563076099426,-26.229150303751112,3.587306569864154
2022-02-14,6734.256303727119,6782.930496375891,0.5390448187231528,0.5351766423697504,3864.0855018043276,596.4377161063196,569.1126182076612,595.3041696790439,-26.191551471382695,3.997477581746921
2022-02-15,6734.6909841126935,6783.384905409862,0.5389649022987045,0.5350959909955085,3863.7620100497843,597.1860263323556,569.3968175922631,596.016708596814,-26.619891004550936,3.1098550097876796
2022-02-18,6733.042503121667,6781.856469958736,0.539083596362793,0.5352034185808204,3863.666951848542,596.3074137655722,569.0194995753654,595.1686825017188,-26.14918292635332,3.199406347974673
2022-02-19,6732.860042857517,6781.701630230865,0.5390797324705786,0.5351972983426463,3863.5345572930864,596.4655407535461,569.1287672928468,595.3286978145152,-26.19993052166842,3.9208936450140754
2022-02-22,6732.969709150057,6781.87994237089,0.5390890096991411,0.5352011542054983,3863.6639775080343,595.6216136576363,568.1370980792519,594.481740189006,-26.34464210975409,3.511446450490098
2022-02-25,6733.423018920589,6782.371346821764,0.5391982473787387,0.535306857293057,3864.7070677109004,595.6352028759203,567.8544652614273,594.4645032242181,-26.610037962790784,3.230740828156968
2022-02-26,6733.419496132352,6782.377763180868,0.5392209126510867,0.5353285724775522,3864.867499182897,595.277958301878,567.1701582178403,594.1457677711119,-26.975609553271624,3.8772648030940218
2022-03-01,6733.126804666649,6782.089538088154,0.5391715254847308,0.5352790213350116,3864.3455320181083,595.4829151565575,567.8722833868601,594.4049329997779,-26.532649612917794,3.3874384322442666
2022-03-03,6735.09249503426,6783.999048205603,0.5389330758469809,0.5350478513735669,3863.7641881605673,598.2811152541956,570.6473872438587,597.2051335931923,-26.55774634933357,3.9866458248151275
2022-03-05,6737.607951485786,6786.487118027162,0.5387807957426453,0.5349002673062992,3864.115099337108,598.384453482558,571.0692075751691,597.3488257573055,-26.279618182136346,3.600843075323837
2022-03-06,6736.22703181064,6785.095043305381,0.5388002385686274,0.5349196597287303,3863.462536653706,599.3001023835673,572.2879118339258,598.2285262536054,-25.940614419679605,3.3439760672656575
2022-03-10,6737.215153435558,6785.954781891928,0.5386911086721232,0.5348219988219528,3863.246629291098,596.5400860747086,570.4445379530486,595.4321540829332,-24.9876161298846,3.8807484296224857
2022-03-11,6736.147403458358,6784.8563530812025,0.5389471875752648,0.5350780487102901,3864.4705511489433,596.742532185449,570.1286085418852,595.6380041481951,-25.50939560630991,3.729756311637061
2022-03-13,6734.465593103947,6783.102770309613,0.5390061811618149,0.535141321666708,3863.9286132322213,597.356085210192,570.3793249770221,596.2562120313429,-25.876887054320832,3.2676332868121563
2022-03-15,6735.230778724197,6783.769125230887,0.538938213063316,0.5350820721409976,3863.8803491799445,597.2551516090055,570.0534872220283,596.1658304714524,-26.112343249424157,3.086920993118838
2022-03-16,6734.889396465528,6783.379996779437,0.538928092050079,0.5350755956954675,3863.6119461104613,594.5224144985094,567.5181585630746,593.4629431131305,-25.94478455005583,3.3543185968869693
2022-03-17,6733.636556689267,6782.089412118212,0.5390741806447152,0.5352229068331986,3863.940352229835,595.5897841676181,569.1342259722719,594.5078600717687,-25.373634099496826,3.255255092044763
2022-03-18,6732.014073958949,6780.415142445739,0.5391732427863727,0.5353244281486107,3863.71920833728,594.5257717855012,567.28588072914,593.4540452300795,-26.168164500939497,3.751705926228965
2022-03-21,6732.625016282177,6780.84326087271,0.5392291077997649,0.5353946760027265,3864.470213174183,594.6940163725636,566.2818760348728,593.5924629118645,-27.310586876991692,3.5915303480629746
2022-03-22,6733.332336409816,6781.486789629478,0.5391855310929452,0.5353568449597746,3864.5638768537156,594.7861370140037,566.7206824647972,593.652604156566,-26.93192169176882,3.836558389044967
2022-03-23,6734.607712957877,6782.68643191914,0.5391512096753865,0.5353294644498339,3865.0498308480373,596.0000933860482,567.187591536852,594.8584140055054,-27.670822468653455,3.795341570425535
2022-03-24,6735.057829053359,6783.066580825374,0.5390634816993989,0.5352481329078327,3864.6792128599886,596.5311835581732,567.676523958116,595.4384880181508,-27.761964060034757,3.4002146617443714
2022-03-30,6741.0415070507825,6788.5630269064695,0.5383758365410571,0.5346070804869991,3863.178460982443,598.1651361581594,573.099165500862,597.1607229654788,-24.06155746461684,3.987296181887018
2022-04-01,6738.909085069199,6786.265186326917,0.538499715208295,0.5347419417732049,3862.8450301093026,600.0363601509694,573.7855583469063,598.9137914751558,-25.128233128249462,4.357626088799179
2022-04-02,6739.67029392654,6786.9337505665735,0.5383497442507218,0.5346007361227961,3862.20545142913,599.9707945598635,573.8012160740284,598.9112780024383,-25.11006192840989,3.163609039497487
2022-04-03,6740.017509566157,6787.1810693996895,0.5383355537781864,0.5345947045446797,3862.3026153585374,599.0516319049925,573.1134242319401,598.0424892457131,-24.92906501377297,3.780525132527032
2022-04-04,6739.011979804039,6786.102806701958,0.538412018768686,0.5346758143671618,3862.2749243834096,597.4704608469457,571.4305609813814,596.5043511571588,-25.07379017577739,3.771087254033887
2022-04-06,6736.229003895361,6783.135726053603,0.5386467169047926,0.5349218685585835,3862.362841603961,596.9613616849462,570.7665039245111,595.9134319575846,-25.14692803307355,3.4462765999987823
2022-04-07,6735.7226976775455,6782.535733155881,0.5387229835927286,0.5350047196371642,3862.6193686595684,597.3748752599564,570.4533808222526,596.3520606752178,-25.898679852965188,3.4104256130156045
2022-04-08,6736.531299355194,6783.236378666308,0.5386189109576823,0.5349103214953038,3862.3367779415994,597.8122060173113,571.1793687310152,596.7378860904847,-25.558517359469533,3.9269483011307784
2022-04-10,6737.279491932608,6783.786011251905,0.5385740604977575,0.5348818442474413,3862.444098131742,597.741014732817,570.8770701888185,596.6300067381948,-25.752936549376273,3.6199848908573813
2022-04-11,6736.460220328931,6782.859138399513,0.5386029329576172,0.5349185584410661,3862.1814512658702,597.039108651822,570.5762396708694,595.9732667842762,-25.397027113406807,3.811843396362292
2022-04-13,6735.6569812786365,6781.853659122943,0.5387455105954871,0.5350756801856896,3862.7431994160693,596.6997248975532,569.6893160935417,595.6373022518428,-25.94798615830109,4.164629870626982
2022-04-14,6736.298098573317,6782.381360099827,0.5387815786332425,0.5351207976957553,3863.3694936155493,596.9294980366958,569.7757111100291,595.8466050569523,-26.070893946923206,3.9951529747297627
2022-04-16,6737.030731447723,6782.8801370401825,0.5387192628684196,0.5350777481306253,3863.3427817460047,595.3553284306388,567.0532221636936,594.3187146808702,-27.265492517176654,3.4289014914911604
2022-04-17,6738.642110120003,6784.401146636307,0.5387112507336757,0.5350777822430502,3864.2093535123304,595.979938173031,567.1893362840054,594.8801203946263,-27.690784110620825,3.555813686351712
2022-04-18,6738.388261529005,6784.0472241797315,0.5387714276735098,0.5351453113331422,3864.4954231618244,596.6211450517887,567.8258334421472,595.4600703640422,-27.634236921894967,3.32133697683048
2022-04-20,6742.517877199655,6787.945896042836,0.5384505013396005,0.534846945875902,3864.560427381219,599.8246668961805,571.7119517537578,598.6839650670842,-26.97201331332633,4.204400316917713
2022-04-21,6743.929229982218,6789.247740980279,0.5383153768833264,0.5347220993570906,3864.3993456779,601.2982083908345,573.5481655000015,600.1720950342888,-26.6239295342873,4.352389074128155
2022-04-22,6745.694750962462,6790.904061544183,0.5380232831668499,0.5344414829398921,3863.313623425573,601.8522061217301,575.7204093579197,600.7244563764713,-25.004047018551546,3.8233658541322484
2022-04-23,6746.62209728512,6791.716671950514,0.5378389362179852,0.5342678776419694,3862.520824052463,600.3252671577022,575.1939761871931,599.3462492448602,-24.152273057667117,4.230523487901905
2022-04-24,6745.48729090013,6790.503855279053,0.5379357068401984,0.5343695477016733,3862.5659808120654,598.5462425038852,573.7138528486847,597.5456089829127,-23.83175613422793,4.102336848652044
2022-04-25,6744.085909452131,6789.001104968019,0.5380789039869557,0.5345190402011237,3862.791520871782,597.4669376014434,573.2915037297453,596.4997382708616,-23.208234541116326,4.109566674981352
2022-04-27,6739.787814566358,6784.538231069066,0.5382408251850677,0.5346906202506343,3861.491381208275,597.4508857775802,572.2591404800963,596.3980047291255,-24.13886424902921,4.21116763798625
2022-04-28,6740.152396240193,6784.798720086947,0.5382849206631071,0.5347428195807862,3862.016634989588,598.607115444662,573.2975377121023,597.5201272275993,-24.22258951549702,4.57939824288087
2022-04-29,6739.658105973352,6784.212001379878,0.5383031676656769,0.5347679740390184,3861.864319937231,598.6795279623867,571.9044422932304,597.6195060304173,-25.715063737186824,3.669348568712053
2022-04-30,6740.4277632741605,6784.894771204951,0.5383017716913966,0.5347738364826521,3862.2953221003627,599.1204267410551,573.0900239238431,598.065948375062,-24.97592445121893,3.775470419122371
2022-05-01,6739.380844985546,6783.742135995367,0.538286224005075,0.5347661798537855,3861.5838964798236,599.4291808421642,573.1587883132495,598.4136725124049,-25.254884199155413,4.2407094443558435
2022-05-02,6739.284016492892,6783.547881719482,0.5384165082181918,0.5349032440427055,3862.463040718719,597.7083940143992,571.5021187078898,596.663631268418,-25.161512560528195,3.2548294945740963
2022-05-13,6743.271693982562,6786.497261266138,0.538308849988401,0.5348801732323779,3863.9757150914916,597.0437364441332,570.1344797421825,595.9424402674655,-25.807960525282965,3.59153663226391
2022-05-14,6744.781680381142,6787.9448779373115,0.5381963432982527,0.5347740593069235,3864.03320267508,597.1681198357147,570.181204020771,596.0879754797687,-25.906771458997696,4.099630035097107
2022-05-15,6745.174798858857,6788.255807305381,0.5381712682093637,0.5347558163452114,3864.0783776649364,597.6798753505901,570.7043599186959,596.513437940457,-25.809078021761138,3.7281090588581947
2022-05-16,6743.651451616274,6786.676711258768,0.5381203219870826,0.5347088191916147,3862.8399923999673,599.6189451659832,572.6285992924562,598.4711152624741,-25.84251597001787,3.2524361806224533
2022-05-17,6744.020015236501,6786.96869606109,0.537948871797233,0.5345446724514816,3861.820305445136,602.2294261199982,575.0984634517744,601.0837192514305,-25.9852557996561,3.633765099080165
2022-05-18,6745.530191856379,6788.410031176785,0.5377751968080022,0.5343782726499561,3861.438021196158,603.4549363629403,577.4083946623684,602.3690876231199,-24.96069296075143,3.917392832519454
2022-05-19,6747.854686010551,6790.657142578069,0.5375190989554047,0.5341310413044016,3860.9291465705414,603.5731937097919,578.6187508249473,602.4685237756674,-23.849772950720194,3.9277223345100083
2022-05-20,6750.041942974954,6792.772228605652,0.5374632906960569,0.5340823500205042,3861.779639008348,602.1696608344214,577.5166698896021,601.133610885795,-23.616940996192852,3.961531720124867
2022-05-21,6747.894533731605,6790.585152323046,0.5373881451145697,0.53400972752256,3860.0113164873896,601.115925204548,577.7296302071163,600.118461677945,-22.388831470828677,3.9217659746708478
2022-05-22,6746.659658126327,6789.284256452644,0.5375553909303779,0.5341805016561842,3860.5060201765796,599.3586137026882,575.8564741662844,598.3613181488108,-22.50484398252638,3.3840821569889386
2022-05-23,6743.948319367437,6786.5672780236555,0.5377967926674703,0.5344194830007168,3860.687518267557,597.629296407442,574.1606919994778,596.5296591561013,-22.368967156623512,4.275545241803002
2022-05-24,6742.576755921265,6785.137154342386,0.5379482425059564,0.534573912553563,3860.9893369677543,597.3456873255435,572.2353018451957,596.3021734474772,-24.06687160228148,3.6443083434621713
2022-05-25,6741.653440388156,6784.184165789172,0.5381450701164131,0.5347713851391614,3861.8731081227943,597.4128416970503,571.4548759734587,596.3223646154281,-24.86748864196943,3.2400808531425582
2022-05-26,6740.809247643137,6783.304096306062,0.5382333257975308,0.5348614964647482,3862.022789799968,597.5131868684017,570.848157699583,596.4024300071975,-25.554272307614497,3.5879737808757
2022-05-27,6740.864498112999,6783.314499725598,0.538322695405696,0.5349538704324481,3862.695709724874,598.4300274889994,572.4862451466429,597.2777474481275,-24.79150230148457,3.868608875922064
2022-05-29,6739.806460617883,6782.187259422521,0.5383993283161521,0.5350349573931555,3862.6392135516576,597.1823452341991,570.7175434133572,596.0711731594411,-25.35362974608381,3.5531873207602303
2022-05-30,6739.877435385199,6782.223707276263,0.5384526167637029,0.535090672083897,3863.0622012074323,597.3610368451831,570.944131209329,596.235652624931,-25.291521415602006,3.715666081161203
2022-05-31,6739.88415581553,6782.19893336738,0.5384193390292668,0.5350600900917948,3862.827305864472,596.9500301401144,570.2263025293903,595.7934660574018,-25.56716352801152,3.648006512240727
2022-06-01,6740.215375580193,6782.499166167634,0.5385378378307036,0.5351804586994485,3863.867335457026,596.6321203957343,569.0445750116332,595.4332264627617,-26.388651451128453,3.4961179200423658
2022-06-03,6739.901172701653,6782.1341757366135,0.5386031117444127,0.5352491782680862,3864.1555181753865,595.8560969221127,568.7281914796696,594.6627480264142,-25.934556546744602,3.818590156599953
2022-06-04,6739.395898098084,6781.623691934575,0.5385683629620363,0.5352148071130048,3863.6165484254534,595.9562863045409,568.202283766106,594.804573935705,-26.602290169598973,3.7635630996325062
2022-06-05,6740.715987475183,6782.892957390161,0.5384265344521646,0.5350785235241324,3863.3556823359972,595.5605256546613,568.4969593531567,594.3858744473276,-25.888915094170898,3.3052520975215884
2022-06-06,6740.73534717744,6782.907588514776,0.5384269472282363,0.5350793163096782,3863.3697398914614,596.0969187140389,568.9450497920238,594.8940216748686,-25.948971882844717,3.37473869583539
2022-06-09,6740.875774986564,6782.999768219817,0.5384077372345262,0.5350641009887667,3863.312384210687,597.9670692707209,570.7591124087745,596.7555383150116,-25.99642590623705,3.54728232618686
2022-12-06,6746.69963883536,6791.28486738829,0.5378792736344561,0.5343480610852616,3862.8549062792877,598.5371506281155,573.1647333511778,597.4321385965013,-24.267405245323516,4.413045301793886
2022-12-07,6747.669424799862,6792.244176672215,0.537826944489751,0.534297403740431,3863.0342987775803,599.3842730059577,574.5863248409981,598.3127431445358,-23.726418303537685,3.7733851613718343
2022-12-08,6747.607011317264,6792.225147926669,0.5376470402414324,0.5341152360731832,3861.7063859426885,597.405348127448,573.1090557100031,596.4092577719153,-23.300202061912273,3.9789129155383307
2022-12-09,6747.164633277514,6791.794955338202,0.5377893106643102,0.5342553832867061,3862.475014927545,595.3765014671702,571.4360177302044,594.4020023276095,-22.965984597405054,3.7192932162929537
2022-12-10,6745.636655583819,6790.294922833129,0.537887886064024,0.5343503164534259,3862.3081317896185,595.4062082358042,571.8578387043242,594.4386220038726,-22.580783299548443,3.673471177148258
2022-12-15,6745.5116663151,6790.301215006757,0.5381407579532993,0.5345911243040518,3864.0522823601873,596.0955511131717,570.6937738465137,595.0700448769812,-24.37627103046748,4.080006638098553
2022-12-16,6746.078283944545,6790.875328745428,0.538031502175851,0.5344822953151045,3863.592296369789,596.511826091751,572.1439418810103,595.5372747419011,-23.393332860890837,3.9850019420334775
2022-12-19,6743.456419338563,6788.411750281055,0.5380896354973531,0.5345262102764969,3862.5080023402747,595.3031544179304,569.2866675257274,594.2818786089492,-24.995211083221875,3.711889277484488
2022-12-21,6743.8016591692785,6788.84157167479,0.5381621586855823,0.5345917739174197,3863.2263600072283,596.5669478092332,570.0355761611665,595.4552897910041,-25.419713629837588,3.992699857868729
2022-12-23,6744.14578131215,6789.278046583542,0.5380085250124143,0.5344320705937666,3862.320568430933,597.4593052772707,571.6420043776059,596.4154843026005,-24.773479924994604,4.147669195619073
2022-12-26,6743.532337734724,6788.815996134338,0.5381498872586238,0.5345602487006946,3862.9839900541865,593.4081247436803,568.9658228256153,592.442304048498,-23.47648122288274,3.4495005166370447
2023-01-03,6745.174335917521,6790.893694895446,0.5377899241504603,0.5341692798433012,3861.3400561619223,597.7304308893355,572.4027123422138,596.7037616019588,-24.301049259745014,4.248676235096696
2023-01-04,6745.313571184411,6791.1271754405825,0.5376496523942618,0.5340226155612103,3860.41258854181,597.505776315041,572.7721844388059,596.5122267581718,-23.740042319365898,4.433565706379454
2023-01-07,6745.251197528366,6791.281756472956,0.5378193532283269,0.5341740729516365,3861.5953599783943,597.8134789635617,573.5375676657304,596.7654563525646,-23.22788868683415,3.8926944433211474
2023-01-19,6752.587767673881,6799.509596206998,0.5370582213759406,0.533352107954208,3860.324535142608,601.5522100425346,578.2457423225425,600.5677446480909,-22.322002325548397,3.812672204058117
2023-01-20,6751.338943310831,6798.353870369626,0.5371182209551256,0.5334037079330517,3860.0417979107365,598.6878078212344,577.0082467520026,597.7855583434329,-20.777311591430248,4.453753862557846
2023-01-21,6749.110402598943,6796.21853673023,0.5372870669466426,0.5335628501516799,3859.9806660118725,596.2000429491582,575.2447488221198,595.2867791882164,-20.042030366096583,3.82455820137136
2023-01-22,6744.518212710427,6791.719900661108,0.5376547737811108,0.5339181336916484,3859.9941647373685,595.9541206194579,574.4452836284444,594.9724590656356,-20.527175437191204,4.049289631795659
2023-01-24,6739.999338643041,6787.39060592542,0.5382382414305509,0.5344801267378493,3861.594034564739,594.8905620866915,570.1965413735519,593.8612982796348,-23.664756906082857,3.9356126579326656
2023-01-25,6740.098005225317,6787.560694158701,0.538303883082117,0.5345397399818796,3862.1215176695173,594.8238994233802,568.9360352568729,593.7425374415609,-24.806502184688043,3.720489455645861
2023-01-26,6739.698565613121,6787.234148704896,0.5383666125781259,0.5345960677162063,3862.3426692085104,594.8720146672023,568.5799902858275,593.8261589591149,-25.246168673287343,3.11026682274246
2023-01-27,6738.59368900624,6786.1934467224755,0.538398916633787,0.5346224758076227,3861.9412110387025,595.9965459384431,569.3794839488381,595.004742726967,-25.62525877812891,3.306530356433086
2023-01-29,6739.9187906149855,6787.656649434926,0.5382446262475836,0.5344591304122075,3861.5936929978416,596.0397491679329,569.9332078904813,594.9470288662409,-25.013820975759586,3.749577765072445
2023-01-30,6741.01577366918,6788.81391229273,0.5381002262600955,0.534311613176804,3861.186047518943,596.6553719552797,570.6926255607893,595.560935237697,-24.868309676907643,3.459148711072771
2023-02-04,6739.542503767821,6787.659380707242,0.5380466755561735,0.5342325292911168,3859.957999475065,598.4112329863666,573.4886635368807,597.3541336438765,-23.865470106995758,4.306789384929289
2023-03-03,6741.046051689637,6789.911486670855,0.5381260262760789,0.5342532567414074,3861.3885216061976,595.6180784052825,569.3069335098107,594.5690125699501,-25.2620790601394,3.872166694542557
2023-03-04,6741.6491833814525,6790.49215281221,0.5381146511805699,0.5342440749592321,3861.652375258707,597.8592621367235,571.6617822310047,596.7945618364356,-25.13277960543087,3.886057018424708
2023-03-08,6745.028123807534,6793.762164644014,0.5377094763430216,0.5338522975158561,3860.678751637077,598.0621978421262,574.2033872221217,597.0618498078069,-22.858462585685174,4.093639456310029
2023-03-09,6743.2147776432685,6791.932048044297,0.5377482260056814,0.5338910575963574,3859.918981788974,597.8946339936143,574.0699256330779,596.9316891203779,-22.86176348729998,3.918945002213377
2023-04-01,6739.855979325661,6787.205819031527,0.5381299591081289,0.5343757827969808,3860.7350429711473,594.2027792945931,568.5939546168556,593.1399547707897,-24.546000153934074,3.776218594714237
2023-04-02,6739.925767940617,6787.182083134727,0.5380657032875797,0.5343193764381968,3860.314020594119,595.7642926209305,570.1505459762282,594.8052026725582,-24.654656696329994,3.9375437156124917
2023-04-03,6742.596379070654,6789.743851258726,0.5378473193873485,0.534112547930905,3860.276221115793,594.9708583555747,569.8173041345776,593.9765939259429,-24.159289791365268,3.969156618802458
2023-04-04,6742.301620082824,6789.351707349933,0.5379160311931656,0.5341882826096569,3860.6006072085297,594.147642071544,569.5491103583505,593.1486024803172,-23.599492121966705,4.0781276863796165
2023-04-06,6741.579952419285,6788.444360294653,0.538030302219187,0.5343159797331716,3861.0074152641855,594.4130343681085,569.1635040638628,593.3769277489893,-24.213423685126486,3.892620652351411
2023-04-08,6741.536419073441,6788.22666120207,0.538010038108976,0.5343095401437985,3860.8370648854657,595.5756796454215,569.1481183084743,594.5308571999725,-25.382738891498207,3.5445005475273774
2023-04-09,6742.090392873841,6788.657176029032,0.5380069217729485,0.5343164641445008,3861.131957213623,596.2640319810345,570.2222572382814,595.2274390771069,-25.00518183882548,3.775006351324123
2023-04-10,6743.322735726845,6789.8209242928415,0.5379183470862816,0.5342345638149971,3861.20191535558,596.5252597467367,570.898697856225,595.4822074609402,-24.583509604715232,4.1083197793906265
2023-04-13,6745.896718804974,6792.051270092909,0.5375392281925986,0.533886446302371,3859.95339754102,597.1114786056098,572.9109942899265,596.153281572845,-23.242287282918483,4.0647006329720625
2023-04-14,6745.1818431623815,6791.250946229063,0.5377195263344756,0.5340718542817406,3860.838895775584,596.6573165972522,572.379026215488,595.6950922366374,-23.316066021149368,4.397727527722509
2023-04-15,6745.9601170870965,6791.929428260282,0.5377253099602025,0.5340858637085371,3861.325899224367,597.5549369082896,572.3302641276875,596.5593428880319,-24.22907876034435,4.127668361585393
2023-04-16,6746.217801639003,6792.091168986794,0.5377539630744779,0.5341220057763361,3861.679157140214,597.9698990487983,572.3530240346063,596.9717980003431,-24.618773965736864,4.007978732545439
2023-04-17,6746.383903788864,6792.148574813105,0.5376641405155812,0.5340414249284292,3861.1291945318635,597.7215421243102,572.4956516262857,596.7173176952659,-24.2216660689802,3.7294354897154562
2023-04-18,6747.459860870833,6793.094119382439,0.5376105246000072,0.5339989954165447,3861.3598989188235,597.7396001119789,572.2711872079396,596.6474420556087,-24.376254847669088,4.190156210718101
2023-04-19,6747.249204600419,6792.80518045064,0.5375967311117212,0.5339913364258606,3861.1402790084885,595.6927524225696,571.4691000731675,594.7082963367061,-23.239196263538588,3.919803690347635
2023-04-20,6746.996555149165,6792.448778648055,0.5375221006858387,0.533925227827148,3860.4597069682395,595.4228214509386,571.7171436034255,594.4794096875456,-22.762266084120142,3.3966209673862977
2023-04-21,6745.431731634167,6790.78833261274,0.5376176484434907,0.5340268268827031,3860.2504153517684,594.586617665961,570.657386146906,593.5726763806787,-22.91529023377268,4.0649923193345785
2023-04-22,6743.970020132994,6789.233414299426,0.5377879367268602,0.5342025382182818,3860.6363667995997,594.6002966218135,570.4368326324329,593.5930882364893,-23.156255604056355,3.52457833075448
2023-04-23,6742.379698692272,6787.527652527062,0.5379989408419854,0.5344203843207082,3861.24036047612,595.2147766532503,569.9857385771542,594.1581027778716,-24.172364200717425,3.7574740700061966
2023-04-24,6742.659250133624,6787.7194518243805,0.5380683154782838,0.5344963548233188,3861.8983798314684,595.6418893662869,570.0679496519773,594.5520114986997,-24.484061846722398,4.041411457891741
2023-04-25,6743.2290951401965,6788.183972287197,0.5380020006670525,0.5344390722102565,3861.748757898264,596.2219779363263,570.4812882331531,595.120335285771,-24.63904705261791,4.1538804651759165
2023-04-26,6743.414780154871,6788.258965672669,0.5379690498159228,0.5344151512397526,3861.6185710833365,596.3914961612472,570.0212744812152,595.3168815030419,-25.295607021826754,3.5849661847339576
2023-04-27,6746.343323299887,6791.060907624616,0.537763051258303,0.5342220044441937,3861.816273030527,596.6542657488932,571.153034705417,595.5648251977448,-24.411790492327782,3.6874371748607473
2023-04-28,6746.125228519079,6790.736528916921,0.5377467432631852,0.53421405113185,3861.574320643459,597.0860453978431,572.3501946497256,596.0352790167292,-23.685084367003583,4.279069782877173
2023-04-29,6745.84937418526,6790.366257741938,0.5377619626485919,0.5342364552217806,3861.525704211963,596.1449169274439,571.9195944695894,595.0880571313703,-23.16846266178095,3.5584837800613514
2023-05-02,6744.057510588842,6788.283783574782,0.5379179657875581,0.5344133823674415,3861.61990747451,593.989202918284,568.0491609348974,592.9551374236402,-24.905976488742795,3.7594160434700825
2023-05-04,6745.467640795805,6789.495612913055,0.538010454279325,0.5345216075916936,3863.0914399888447,596.6553704830532,569.192750592732,595.5484304293637,-26.355679836631793,3.433421172813837
2023-05-05,6745.322623689337,6789.256182350294,0.5379228811818039,0.5344419598819259,3862.3795994749253,598.4986886394022,571.8298932899859,597.3765341799292,-25.54664088994332,3.82355195038906
2023-05-06,6747.980919031726,6791.810508744988,0.5376812370157821,0.5342114187715044,3862.1660116852454,598.3796929601455,571.9717014634446,597.2576248913648,-25.28592342792024,3.9404900865393984
2023-05-07,6748.925389989383,6792.667573223338,0.5374417675952118,0.5339808480047401,3860.986223566438,599.1386645536148,574.067976065317,598.0954444685868,-24.027468403269836,4.055232980300389
2023-05-08,6751.4578045213575,6795.09077609444,0.5372288715281505,0.5337791910379216,3860.9049691039045,599.1863695831747,575.1299885550959,598.195205056095,-23.0652165009991,3.443645426498847
2023-05-09,6751.371482132553,6794.921590166983,0.5371065436526538,0.5336641127589814,3859.9764815620533,597.0243347345051,574.0788262102592,596.0714741129453,-21.992647902686144,3.937144444316459
2023-05-10,6749.5100117095835,6792.982480842209,0.5372802783693703,0.5338418917133098,3860.160438776425,595.5631761955503,572.270072694618,594.5524978713461,-22.28242517672811,3.933524560238311
2023-05-11,6746.4215389341725,6789.8452298807815,0.5375162470185868,0.534078622360134,3860.0886601314314,594.7935610425204,571.0981384386096,593.75899758071,-22.660859142100435,3.75560053566187
2023-05-12,6745.388114232916,6788.747303914116,0.5376065403524481,0.5341728900907046,3860.145695353731,596.1976190893074,572.3085046256615,595.1301239880971,-22.821619362435626,4.008002624175106
2023-05-13,6745.223330233228,6788.504591892548,0.5376007737603012,0.5341732089052724,3860.0099908093684,597.6411642108022,572.8188251239209,596.6218175985872,-23.802992474666326,3.95717148284416
2023-05-14,6746.144199212921,6789.376706594838,0.537570897193763,0.5341478233556803,3860.3224206613936,597.2200434340238,572.8854002855221,596.1321821488773,-23.24678186335518,3.648346073255425
2023-05-21,6746.928424360351,6789.668578828636,0.538016428772544,0.5346296794776054,3863.970930643536,598.8051467955353,571.7346813689962,597.623676335762,-25.888994966765722,4.202961280250747
2023-05-22,6748.927193134323,6791.587840017462,0.5377676528691113,0.5343897217453986,3863.3284183272335,599.571112560626,572.6202437397401,598.3785262625826,-25.758282522842478,4.073023751908295
2023-05-23,6751.435734750607,6794.011063578792,0.5374599216388116,0.5340918769474493,3862.552831596378,601.1547148255439,575.2502027607504,600.1046242953331,-24.854421534582684,3.8000881810536384
2023-05-24,6753.037713615266,6795.557568431799,0.5371315437788035,0.5337707076694972,3861.108830311095,599.4870619232187,575.3677708853331,598.475761594182,-23.107990708848888,3.8575328678641654
2023-05-25,6751.84666199365,6794.325096275953,0.5372036199002236,0.5338449980590853,3860.94585564542,597.9913805735965,575.1991190504294,597.0104128158648,-21.81129376543538,3.8592400321959985
2023-05-26,6750.727670299396,6793.159584261541,0.5373787065232136,0.5340220936308697,3861.564136114905,597.804306896936,575.3166895923894,596.780513495787,-21.46382390339761,3.7657511755404585
2023-05-27,6750.4133667087435,6792.799487138643,0.5374553193750069,0.534101673218389,3861.9348562999603,596.4966556628747,574.2527029570476,595.4716769624265,-21.21897400537887,3.9204167919729116
2023-05-28,6747.587059531176,6789.947589037184,0.5376440119482925,0.5342898056406273,3861.6732164155173,594.4147537006719,571.2214724230187,593.3603125185342,-22.138840095515548,3.6499367176099895
2023-05-29,6746.481211852698,6788.806917656719,0.5377724400142649,0.5344196273092291,3861.962629192572,591.7968495276975,568.3814001281329,590.7228848486646,-22.341484720531753,3.6116426137650706
2023-05-30,6746.916459473759,6789.21493357936,0.5376719839369365,0.5343221556118117,3861.490320293986,593.5838918645113,569.0711618346419,592.5268450480941,-23.455683213452176,3.626297043242289
2023-05-31,6745.973554330814,6788.226420802013,0.5378380819429831,0.5344903443675506,3862.143391117613,592.9868807563039,567.767011392828,591.8844612184524,-24.117449825624476,3.7273411340833036
2023-06-02,6746.223393524042,6788.421922657635,0.5378066504947231,0.5344635097960883,3862.060713390398,594.8735423999517,568.9208366032158,593.7548466755072,-24.83401007229145,3.4837988940525975
2023-06-03,6748.284079534878,6790.448991277641,0.5376072840216822,0.5342690417770004,3861.8082953097214,597.509793509325,571.0286605170395,596.4178140959393,-25.389153578899823,3.824663973159886
2023-06-04,6750.188264039496,6792.325919347056,0.5374114789065215,0.5340775311652939,3861.4910650514053,596.7386795175321,570.6628063072817,595.6798502548926,-25.017043947610887,3.8584357675396177
2023-06-06,6752.284679918122,6794.359540719829,0.5370871104095407,0.5337611360813587,3860.3589080685056,599.9784688466458,574.6049914215585,598.9054541076248,-24.30046268606634,3.823017702189304
2023-06-10,6751.187502174502,6793.280553707315,0.5369062061177766,0.5335793862663472,3858.431585341777,600.108425844307,577.0922297182774,599.0791502672133,-21.986920548935927,3.8076111489988307
2023-06-11,6750.554745309619,6792.656131875455,0.5368957757359829,0.5335680558925254,3857.9950027616183,598.906988959676,576.40678697097,597.9780620414708,-21.57127507050086,4.052416293241436
2023-06-12,6748.921454354641,6791.030556811239,0.5371466029110642,0.5338159211909667,3858.8635076713826,595.4154555261996,572.7492207795274,594.4568351661545,-21.707614386627142,3.654519850620545
2023-06-13,6746.475669318956,6788.622295353371,0.5374459655873309,0.5341092747037007,3859.614912692635,593.563965608622,569.7884441550925,592.5528001550095,-22.76435599991703,3.7834072010817863
2023-06-14,6745.107220848018,6787.278360852116,0.5377233106542779,0.5343822947401727,3860.823354309389,593.4236896737078,567.7088068565871,592.3637986069199,-24.654991750332783,3.938197503720403
2023-06-15,6746.656597427019,6788.833063576324,0.5377560094260591,0.5344151336207855,3861.9450292862803,594.9486578607562,567.992714151461,593.9214056476645,-25.928691496203555,3.5368352592470274
2023-06-16,6746.562964608903,6788.7551333049305,0.5379063204274314,0.5345632282450675,3862.9708891773666,596.6084721682129,569.4291630542523,595.3809561373346,-25.951793083082293,4.074481539335011
2023-06-22,6751.155468242354,6793.47420666556,0.5370971784654366,0.5337514271882743,3859.785677649006,599.3589072942221,576.3672262366382,598.3561148142668,-21.988888577628586,3.644929153643602
2023-06-23,6749.8413795584265,6792.20166068701,0.5371708037470293,0.5338206814453764,3859.563380368656,599.1657767442922,576.7259662447058,598.1688022608018,-21.442836016096066,4.076047786762501
2023-06-24,6747.648237265049,6790.053901224192,0.5374086999329839,0.5340524419312662,3860.018065083674,598.9413181671091,575.9099254382429,597.9757744126965,-22.065848974453615,4.146093721884313
2023-06-27,6745.868426493039,6788.40921656831,0.537813544792261,0.5344432392643025,3861.9070090301707,596.9590791434888,572.353486016865,595.9570457618454,-23.60355974498043,3.712565878251553
2023-06-28,6748.183213099642,6790.753536798157,0.5377829779001349,0.534411688495402,3863.01262046966,596.690689329452,571.6406042069602,595.6480177524166,-24.007413545456416,3.780506088677612
2023-06-29,6749.081353152926,6791.695750187102,0.5377656014344377,0.5343913989239354,3863.401927196249,595.471683122245,570.9409517293193,594.3895477611219,-23.448596031802595,3.6085130348502616
2023-06-30,6749.256072317821,6791.915761901408,0.5376815977075808,0.5343044459793929,3862.89842928583,594.1052583410722,569.4642335148981,593.1562999646834,-23.69206644978533,4.055062895574451
2023-07-01,6748.575182547777,6791.297003799218,0.5377086191730894,0.5343260706700832,3862.70283825271,594.3917434158541,569.4551222077098,593.3274773907151,-23.87235518300531,3.968029781729001
2023-07-02,6747.805879678513,6790.586174283618,0.5378400245055809,0.5344516638974934,3863.2063704228444,594.2767144473755,568.7246268496294,593.2102539291849,-24.485627079555456,3.864122700750613
2023-07-03,6745.852859590415,6788.7056853753875,0.537843114988966,0.5344480499538268,3862.1104330471358,596.8589743251257,571.1694568928958,595.7865385623086,-24.617081669412755,4.057175465767386
2023-07-04,6745.950394588014,6788.866201982569,0.5377098431516467,0.5343107111940728,3861.209269450781,598.2964864353254,572.690686641442,597.2064150870236,-24.515728445581658,3.9576861556474796
2023-07-05,6747.837005916149,6790.806715740095,0.5374959346608774,0.5340948594557188,3860.7526448753256,599.4411300167487,574.1358896372908,598.4493366340506,-24.313446996759808,3.862808461443592
2023-07-06,6749.084625416886,6792.113840841552,0.5373399276794859,0.533935786340546,3860.345684327149,599.0954002624933,574.5692897578698,598.1309734968265,-23.56168373895673,4.137506197121638
2023-07-07,6749.947753085317,6793.040714742567,0.5373578734013951,0.533949040272447,3860.9683183842317,598.4919262327471,574.7390360861114,597.5301241231449,-22.791088037033546,3.515750225320403
2023-07-08,6748.251915585508,6791.429888033461,0.5374923439932534,0.5340751211105114,3860.9642412589983,597.6282906437452,574.2182146569796,596.6421570613787,-22.4239424043991,4.211140619559501
2023-07-19,6750.986231968415,6795.012237803308,0.5373920696261367,0.5339102177081431,3861.808069014206,600.9856522114629,576.6572324069541,599.9954088188963,-23.338176411942186,4.065911931535652
2023-07-21,6749.604110107475,6793.821368203014,0.5376131188756262,0.5341140898690454,3862.605624755875,598.0846084051002,574.9175457577677,597.1290199688578,-22.21147421109015,4.10905844397837
2023-07-22,6747.95231564845,6792.23073956226,0.5376490468583117,0.534144122875829,3861.918419690102,598.3118859569418,575.8367310549506,597.2797073894059,-21.44297633445524,4.767918445550549
2023-07-27,6744.885665208129,6789.618269813345,0.5378787146933458,0.5343349637910434,3861.8122940335334,595.9861930929261,570.3938469740549,594.9625864022379,-24.568739428182994,3.9870641579793755
2023-07-30,6746.143430161429,6791.112447370359,0.5378853617130368,0.5343236218250939,3862.5801651421675,598.0022784645653,572.0461628011672,596.8965767996972,-24.85041399853003,3.747554592226493
2023-08-02,6746.800281702519,6792.044399514462,0.5374919860246581,0.5339115690974051,3860.1311284384265,598.5559910856051,573.9645019181512,597.573184157856,-23.608682239704763,3.86228785265871
2023-08-03,6746.957024181896,6792.292031941372,0.5374167280675579,0.533829751620956,3859.680311353188,597.5066417502358,573.1154430626594,596.505128002283,-23.38968493962352,4.017438727873014
2023-08-04,6747.57138041734,6792.99170058511,0.5373772337506932,0.5337841414750579,3859.748090860345,597.5414983132717,573.6319017345679,596.579422199001,-22.94752046443307,3.737971822430154
2023-08-05,6744.669015649587,6790.194523409361,0.5376284686568213,0.5340238872361669,3859.8916145844287,596.3454562492152,572.3221478760953,595.3472158203705,-23.02506794427518,4.2726486288540855
2023-08-06,6743.2516677728045,6788.870868276504,0.5377704159422907,0.5341567581034788,3860.099376938929,596.5802229098718,572.8232118727351,595.5447650573378,-22.721553184602726,4.065506690194866
2023-08-12,6743.110843110622,6789.232133370891,0.5376372703155353,0.5339849390780925,3859.0630682052674,596.9653821457036,572.6819878966749,595.9826391023524,-23.300651205677582,3.895598255870482
2023-08-14,6743.8905989735495,6790.156760502425,0.5375323671672918,0.5338697773032368,3858.7562573642235,598.8475855562527,574.2280556791397,597.8291822762424,-23.60112659710262,4.222354150518072
2023-08-17,6744.366981951745,6790.850804231925,0.5376281919481123,0.5339480914647153,3859.716777856891,597.2847289726138,573.6780085365962,596.2880916067938,-22.610083070197675,3.9177869795314564
2023-08-22,6741.711969804771,6788.523175496185,0.5379970225727639,0.5342871892800196,3860.84419794217,595.9328208209871,570.240725130311,594.8637809755331,-24.623055845222098,3.7232338571125183
2023-08-27,6743.771668461107,6790.829804297162,0.5378666960006839,0.5341394631334909,3861.0881941144135,596.3427838135478,571.2790576630553,595.304239092496,-24.02518142944075,3.5123311536714255
2023-08-29,6742.862151908639,6790.037580782179,0.5379122933204489,0.5341750175201552,3860.8947355137343,593.9828553967011,568.9522401930776,592.9438840923214,-23.99164389924374,3.709765990248002
2023-09-06,6742.521211908366,6790.0154459378755,0.5378198624893694,0.5340579649475796,3860.0361229433083,595.6565080072543,570.7038821172976,594.6174875220604,-23.913605404762848,3.5466506708465886
2023-09-07,6742.247563724543,6789.7571582345345,0.537970046292821,0.5342057380617239,3860.9573158467197,596.5322984589127,571.5637449050673,595.4655663622107,-23.901821457143342,3.7874660033504597
2023-09-09,6742.403628597813,6789.951165834537,0.5378869285399183,0.534120303693986,3860.4501449876557,596.127486064358,570.8789571752483,595.0394611763098,-24.160504001061554,3.996903295153629
2023-10-15,6742.390482397947,6789.165546653294,0.537902519439388,0.5341965522278074,3860.5545146623026,596.2295283790496,570.7333056492555,595.0967273198146,-24.36342167055909,3.638872619756512
2023-10-18,6742.036383101556,6788.628300256918,0.5379306042299076,0.5342386627891507,3860.5533200916893,594.7547821972998,569.5956414041524,593.7224917815653,-24.126850377412893,3.676510620112822
2023-10-19,6740.416626413371,6786.972970138952,0.5380329741534288,0.5343422495563819,3860.360331412674,597.0970727525699,572.3398096319129,596.0095740931359,-23.669764461223053,4.00781716604024
2023-10-20,6740.811845728017,6787.30524709405,0.5380063236143363,0.5343209517280527,3860.395453239794,595.2933110632769,570.3045248334068,594.2718504900213,-23.967325656614435,3.5924861161496437
2023-10-21,6740.451980517992,6786.8856064664915,0.5380296475300461,0.5343486266831926,3860.3567108717534,595.2892354335185,570.0741513004436,594.1646224957707,-24.09047119532704,3.975203267064103
2023-10-22,6740.97663161756,6787.3431179081135,0.5380187119991889,0.5343433361119507,3860.578717910374,595.0692308023865,569.4623304663955,594.0224537482883,-24.560123281892743,3.5965016480663508
2023-10-23,6741.827601404861,6788.143061323575,0.5380404180920941,0.5343693715048801,3861.2218437676074,594.4367540481031,568.7066558481868,593.3994831675794,-24.692827319392677,3.2258555344445767
2023-10-26,6740.408376558696,6786.527470322389,0.538202119967348,0.5345446686208182,3861.569218043963,594.6527318554303,568.0536515769688,593.5523195926618,-25.498668015692942,3.890324007386994
2023-10-27,6742.100467893432,6788.1477743944615,0.5380372469967666,0.5343874787765042,3861.3553634385285,595.9449093975247,569.1492218128008,594.7825805503579,-25.63335873755716,3.589360519319939
2023-10-28,6742.446915923314,6788.431305890745,0.5379240232688693,0.5342801610944993,3860.741162742189,597.0442737926062,570.7813367389124,595.8765340268023,-25.09519728788996,3.838132809306103
2023-10-30,6745.021236485227,6790.8723281331595,0.5376137751380691,0.5339838764617346,3859.987688962694,600.676751595236,575.572829285935,599.5682315490477,-23.995402263112737,3.6805694785612104
2023-10-31,6745.895878351541,6791.6847730582995,0.5374461114543161,0.5338227007351438,3859.2842654851306,599.9143747025364,575.8155091410256,598.8688974611829,-23.053388320157296,3.6890277214068874
2023-11-01,6746.162840295773,6791.893551776107,0.5373975935557849,0.5337792249647902,3859.0885823996337,598.1360623665283,574.9045763493616,597.1214154994345,-22.21683915007293,3.7621772081486142
2023-11-02,6745.412269602536,6791.092770130349,0.5375002024796389,0.5338846903501235,3859.3959840922694,597.289619294161,573.9881377794264,596.306237560088,-22.318099780661555,3.4971676503873823
2023-11-03,6743.48922057613,6789.12853142074,0.5376810581152348,0.5340665451725192,3859.593931089121,596.3713028460488,572.5418413674338,595.3054437241119,-22.76360235667812,3.928051032954272
2023-11-04,6742.755445326056,6788.346636851095,0.5379134529351961,0.5343007742420468,3860.841959468945,597.1208051189213,572.4560951768603,596.0356997523774,-23.57960457551701,4.052166116870467
2023-11-05,6742.537446410261,6788.075495483231,0.5380047909379536,0.5343955664106884,3861.372687135012,597.3142944826546,571.972817604866,596.222448419204,-24.249630814338047,3.679620167095891
2023-11-06,6743.1950478013005,6788.6797706463,0.5379762226048156,0.5343717368713472,3861.5442269067676,597.5941910757845,572.1368799582862,596.4756940777229,-24.338814119436734,4.1658801254485525
2023-11-07,6744.100760934644,6789.528347544884,0.5377711884671968,0.5341730523390196,3860.590976728606,598.2660804859761,572.9081511031134,597.0794689256136,-24.171317822500214,3.4676008224005272
2023-11-08,6745.635070182317,6791.004037697795,0.5375781969671094,0.5339867740170063,3860.0834996096437,598.5506842505379,574.2064150730666,597.50991554788,-23.303500474813404,3.945324406290638
2023-11-09,6745.077626887825,6790.401944520152,0.5376390548955954,0.5340504421014298,3860.2014660702034,597.5812697908513,573.7236452814145,596.5654872241635,-22.841841942748943,3.8949715099232662
2023-11-10,6743.411689985927,6788.698307703637,0.5377504058333418,0.5341631353504448,3860.047344523778,595.3792058970065,571.8594085250215,594.3371595366034,-22.47775101158186,3.642005407791771
2023-11-11,6741.9873010900055,6787.236194073241,0.5379335931013339,0.5343473174966062,3860.5466652749487,594.3494918405437,570.4121499124822,593.2776940935214,-22.86554418103924,3.480913810218226
2023-11-12,6741.655816710435,6786.859949737066,0.5380879989774067,0.5345040438544266,3861.4649114514204,594.1405278944167,569.6240773563287,593.0477529105021,-23.42367555417343,3.6871240186775367
2023-11-13,6741.469068946471,6786.629078659251,0.5381640727273702,0.5345829878515428,3861.9038573087573,594.1975756300814,568.5766628553206,593.1170087059458,-24.540345850625158,3.332323008213848
2023-11-19,6742.314827227949,6787.217392022582,0.5381826312697996,0.5346221470424427,3862.521550762331,594.9314055810529,567.527359486442,593.8181116238254,-26.29075213738338,2.9815301414181477
2023-11-20,6743.814374610572,6788.650251733115,0.5381190673277225,0.5345650411980299,3862.9243098803545,595.5232300531599,567.6636507483017,594.3518320043312,-26.688181256029452,3.671323642160587
2023-11-21,6745.711347298528,6790.519662481826,0.5380054387519615,0.5344553249951131,3863.19499490262,597.1765061132871,570.008326705211,596.0013467146528,-25.993020009441807,3.672819756439708
2023-11-22,6747.21260479563,6791.984759849483,0.5378184952095912,0.5342732438714702,3862.7120854659343,599.2292913661396,572.2597480950706,598.1309296530084,-25.871181557937803,3.9014467968984263
2023-12-02,6741.533104942711,6786.169192453579,0.5381558841337114,0.5346161590756635,3861.881778343864,594.5219349662777,569.4951442470681,593.4058549312766,-23.91071068420854,3.842560430082358
2023-12-03,6742.392753068894,6787.009337685109,0.538097900074396,0.5345605407905106,3861.9580723101485,596.5329434059524,570.7403944466182,595.488308016422,-24.747913569803814,4.014977351649918
2023-12-06,6745.645446377167,6790.273173221231,0.5378606692027297,0.5343256863805351,3862.1177339426736,595.9953886521962,571.0049064714699,594.9830636688038,-23.97815719733387,3.211021094743046
2023-12-07,6744.054905956284,6788.691434306637,0.5379587458800419,0.5344215972197791,3861.9111691801477,593.9863824579473,569.544556063473,592.9786702662647,-23.434114202791648,3.5376569391437442
2023-12-08,6743.437282040874,6788.105366612438,0.5380542138075908,0.5345136307098894,3862.2427781145343,595.5554113139226,570.7026547333109,594.4519591835424,-23.749304450231534,3.673319497923785
2023-12-09,6742.731649257774,6787.419099575295,0.5381729973018567,0.5346297389990561,3862.6911918015367,594.0773240711865,568.2803733955055,592.9612224331129,-24.680849037607345,3.9756825368965565
2023-12-10,6741.922972078861,6786.63292732266,0.538225532523165,0.5346797330482441,3862.604948890294,594.3435164904174,568.0562977013235,593.3001987013962,-25.243901000072697,3.244176724408362
2023-12-12,6742.98279015946,6787.698354371317,0.5381491961669805,0.5346040113811442,3862.6642252422726,595.5364103470579,569.3396463607321,594.4641841637734,-25.124537803041335,3.1720724100515554
2023-12-14,6744.147875250831,6788.929783687597,0.5381316494219863,0.5345819644172533,3863.2056682677403,594.4892967604907,568.5200901801832,593.4242368630066,-24.904146682823466,3.726189771086183
2023-12-15,6743.09221950839,6787.905732392416,0.5381436484702504,0.5345908431905462,3862.687090723549,595.0132302943854,568.6001515687367,593.9825141300527,-25.382362561315972,3.8996207741720355
2023-12-17,6744.24379984987,6789.107749805119,0.5378870966804502,0.5343326178481267,3861.5049658532575,595.6608925386762,569.0795154333725,594.6021417516704,-25.522626318297853,3.6512352329060604
2023-12-25,6747.134314818335,6792.306258068355,0.5372786478531554,0.5337054991068896,3858.790026479462,597.5560387758627,575.5892788979222,596.6431518437875,-21.053872945865237,3.8538183700621857
2023-12-26,6745.060216133323,6790.2984324672325,0.5374792078479621,0.5338984225671052,3859.0438170308134,595.7913497585373,573.8237216965601,594.8469605028108,-21.023238806250674,4.28058841965742
2024-01-06,6745.655271142792,6791.609319599943,0.5377438719640659,0.5341053370032198,3861.2846931730796,597.1764785865602,571.2941872209738,596.1707833098523,-24.8765960888785,4.031038683400652
2024-01-08,6745.812555732545,6791.9220259892445,0.5377762332390685,0.5341253407322917,3861.607100987197,597.38433064461,572.9752934923902,596.3794492065758,-23.404155714185663,3.996615986318716
2024-01-09,6744.842837971037,6791.033262483227,0.5377451448718759,0.5340875753149394,3860.8287868490734,597.0556722487019,573.1312999570498,596.0182972365849,-22.88699727953508,4.458491933725895
2024-01-10,6744.765475486999,6791.0364533240045,0.5377093951929488,0.5340456923577882,3860.527835942841,597.9554911886968,573.0106087226965,596.9567594212145,-23.946150698518068,3.9255939173187926
2024-01-12,6745.989549394191,6792.406570236635,0.537684594842444,0.5340102392532448,3861.0503754950932,598.1455944647022,573.0319865170145,597.1357651390655,-24.10377862205098,3.7234857649293644
2024-01-13,6747.285272740229,6793.762571977977,0.5375910107971846,0.5339132581510438,3861.1198343440014,597.9047266518246,572.7235388630477,596.8791958567137,-24.15565699366607,4.098687733256497
2024-01-14,6746.50062186267,6793.056586223514,0.5375693834020673,0.5338851713338353,3860.5155039582796,596.777742278856,572.1592317792248,595.7633068656734,-23.604075086448574,3.768303749192569
2024-01-15,6745.646084230817,6792.278145712201,0.5376870330302799,0.5339955683634745,3860.871301512404,597.5636847884123,572.6160214793496,596.5298910083204,-23.91386952897085,4.0625957454391255
2024-01-16,6746.1412496555295,6792.852768905008,0.5376055556286926,0.5339086740511424,3860.5696166228263,598.1308826505938,573.4687535928496,597.0961754328074,-23.627421839957833,4.269347587239395
2024-01-17,6745.970602026347,6792.73439466789,0.5375441327538648,0.5338434724749185,3860.030891970464,597.6198819259312,572.9995565637009,596.5781458308196,-23.578589267118673,4.027428597723201
2024-01-18,6746.196729754749,6793.0510633995455,0.537564750305129,0.5338569556880407,3860.3083385828972,598.3964254672053,573.6129390848381,597.397199759054,-23.784260674215943,4.090785218356814
2024-01-26,6739.666331488361,6787.131008226637,0.5383170177501662,0.5345523868333245,3861.968395825129,593.3447120468538,568.4747195360173,592.3043866748139,-23.829667138796594,3.996961589847274
2024-01-27,6739.072900090291,6786.636174889751,0.5383421350648108,0.5345692328130364,3861.808526923385,594.5910443191084,568.3608935848399,593.558137827058,-25.197244242218062,3.547214905944429
2024-01-31,6741.117522718804,6788.959541711672,0.5380809213046301,0.5342890475280094,3861.1058018350136,597.245415484915,570.6640631619737,596.1749591887415,-25.510896026767796,3.9435776499234407
2024-02-01,6741.849509711922,6789.77461148524,0.5379754313287713,0.5341781731319583,3860.7680152540697,596.6495248675697,570.4622153048581,595.6139001211275,-25.15168481626938,3.5921421785941448
2024-02-03,6743.791868180871,6791.828254460661,0.5379166963917965,0.5341121870246384,3861.458689298511,595.9670356033115,571.2243316532863,594.9853929676365,-23.761061314350172,3.8710883822427604
2024-02-04,6743.406063359041,6791.497266077236,0.5378888165571325,0.5340799774891841,3861.0376543765447,595.1079032685495,569.8632040458604,594.0396760660706,-24.176472020210213,3.5792056847778895
2024-02-11,6747.614833670159,6796.060447228452,0.5375484345967572,0.5337165287546071,3861.0026165045333,597.7138337844593,573.806104854731,596.7441450149979,-22.93804016026695,3.5965065121541784
2024-02-12,6746.826998897236,6795.333522490012,0.5375676395332961,0.5337303683672181,3860.689740944646,597.864629898103,574.5839353276483,596.8331072062126,-22.24917187856431,3.9086160517844064
2024-02-13,6744.872610488818,6793.432794098214,0.5376560787130277,0.5338128556044258,3860.2063611888334,595.8492997394973,572.8472339730524,594.8622758483752,-22.015041875322822,3.738661183801696
2024-02-14,6743.769656463093,6792.375091883199,0.5377843404926443,0.5339360191502327,3860.4958514689797,596.9231092051152,573.6955990745316,595.8863781423512,-22.190779067819562,4.135210158024506
2024-02-15,6742.8918779997075,6791.53776566424,0.5377859055208387,0.5339338953207633,3860.00459706957,596.9656716524041,573.4193535246297,595.9264207032357,-22.507067178606007,4.3015259094408975
2024-02-16,6741.706684311493,6790.391866192309,0.537813435538879,0.5339574658918961,3859.5236909309315,596.6119152352461,573.2543948274283,595.5884321747499,-22.334037347321555,4.078127424853733
2024-02-17,6741.442906431817,6790.133233309908,0.537784179935166,0.5339278656904829,3859.1627426510413,596.1371938777688,572.1267642051528,595.1443590982932,-23.017594893140426,3.877400471927558
2024-02-18,6741.400502661361,6790.1484828460525,0.5379099002769068,0.5340481259392627,3860.040637446984,594.7191655811944,570.3507917873242,593.7527654176332,-23.401973630309044,3.781410226385219
2024-02-20,6740.363690441132,6789.1482353529545,0.5382892217263784,0.534421255701404,3862.168563400489,593.9317055053979,568.3813392816589,592.8790078036795,-24.497668522020604,3.492924272584787
2024-03-01,6741.438115507064,6790.311940677341,0.5381197776923798,0.5342466166115087,3861.5682625081504,594.6617391242786,570.2818127274957,593.6389020989984,-23.357089371502752,3.787071751410622
2024-03-02,6741.016933069288,6789.889206308846,0.5381655251824072,0.5342919166748653,3861.6552699188514,593.8307229559778,569.3022318215969,592.8609807662542,-23.55874894465728,3.5728336126645672
2024-03-03,6739.480686600564,6788.3551534915705,0.5382924216027539,0.5344168501951837,3861.685565806741,594.5102784541818,569.1323276757348,593.4714601701829,-24.33913249444811,3.6126223915644005
2024-03-04,6738.616914786201,6787.487584403776,0.5383998761732788,0.5345233368583389,3861.961404727252,594.6475065722718,568.5707830546662,593.5790991989996,-25.008316144333435,3.856134463280341
2024-03-10,6741.584721788969,6790.29020226065,0.5378728963384678,0.5340148347433774,3859.8805715257404,595.5678236796908,571.6796390487368,594.6180039493549,-22.938364900618126,3.9180942884587466
2024-03-19,6741.654414334293,6789.902951814718,0.5383004808728539,0.534475358317872,3862.9889353954327,595.0181914883311,568.7676780771726,593.9322779373142,-25.164599860141607,3.9860006330220585
2024-03-21,6741.478603715459,6789.598027331839,0.5382429496140317,0.5344282995571733,3862.475346354424,598.8579927783511,571.7665215969561,597.7444250958866,-25.977903498930573,3.8257918337695855
2024-03-27,6743.152130356435,6790.821962996934,0.5378295686713875,0.5340541427115584,3860.4669880410784,594.7425911769478,573.5210926812397,593.7598274352732,-20.238734754033544,4.5006498534337425
2024-03-29,6739.842753137749,6787.378926808172,0.5382296578274915,0.5344601057271948,3861.442739267971,592.9790772607989,568.0976964106844,591.9517613033586,-23.85406489267416,3.6301968662023683
2024-04-03,6741.006128950294,6788.111825138559,0.5381806042230556,0.5344459320947822,3861.7572815200833,595.9511340198162,568.6728896043733,594.9118078904679,-26.238918286094645,3.7511603818707044
2024-04-04,6742.266390021564,6789.274548686262,0.5380263631435114,0.5343011302834947,3861.3722782953255,596.0810210960823,569.4070486242791,595.0383981755558,-25.631349551276685,3.714745323526472
2024-04-05,6742.297429449843,6789.211969651096,0.5380404163042027,0.5343224710031224,3861.4909138045214,596.0662138609326,569.4964023730402,595.0396068195198,-25.54320444647965,3.5657014304968015
2024-04-06,6741.889147318085,6788.694276149438,0.5379919166912391,0.5342826936880134,3860.9090215219567,597.1793709780859,571.1682299994454,596.1999542486035,-25.03172424915806,3.8554621825003323
2024-04-07,6742.530466902194,6789.261115771345,0.5379678942992635,0.53426504823948,3861.1038754484866,594.8162768713918,568.4219854749299,593.8176581008361,-25.395672625906172,3.3997499210811384
2024-04-10,6743.710928396513,6790.132382122855,0.5379304578605063,0.5342528397446494,3861.5111297398666,594.9758957095116,569.1476898072328,593.9714932830029,-24.82380347577009,3.8560923580695317
2024-04-11,6743.9363488873205,6790.253106061554,0.5379007046683332,0.5342316490480453,3861.4266184178646,595.0302696628588,569.2867782099255,594.0205088717556,-24.733730661830123,3.440472661624767
2024-04-12,6745.495704502937,6791.695343346266,0.5378558310985991,0.5341971356050096,3861.997262168902,594.9487065268899,569.2800958846149,593.9763945898774,-24.696298705262507,3.387460791368426
2024-04-14,6747.948630171505,6793.909891943485,0.5377210865483494,0.5340833668829077,3862.433769299403,594.6744113963182,568.3389291468233,593.6098048632194,-25.270875716396176,3.6973911210867527
2024-04-15,6747.742963923773,6793.611865508915,0.5377080746500801,0.5340775936561805,3862.222587533797,598.0930022487702,571.9064075150322,596.9632462265783,-25.056838711546106,3.7769257172554944
2024-04-19,6756.127634634113,6801.513915018718,0.5366158709706156,0.5330350507763171,3859.166968619866,605.4593197030484,582.1348558181105,604.5390979349071,-22.40424211679658,4.35083022295953
2024-04-22,6752.483249547849,6797.58472321836,0.5367835846888751,0.5332220651643129,3858.2907517370413,598.1342929163369,579.2806470960768,597.2313474755961,-17.950700379519276,4.187593188375104
2024-04-23,6748.494956720309,6793.518277659547,0.5371896828223144,0.5336295152469224,3858.929113763214,597.6004540162708,577.463053723179,596.7134413538978,-19.25038763071882,3.7335170617423046
2024-04-26,6744.735987172027,6789.480547510261,0.5376952873986633,0.5341517262878777,3860.4096699999486,595.3216055559869,571.2973783240373,594.3156192622758,-23.01824093823859,3.8879352766134616
2024-04-27,6745.452961928228,6790.0500140551185,0.5377955309800361,0.5342632896446882,3861.5398170939065,596.4019548899852,571.8910699804685,595.3722276886721,-23.48115770820357,3.8484283804451707
2024-04-28,6744.791439093559,6789.336575222128,0.5378804172249646,0.5343513601306942,3861.7705679900864,595.0257819692686,570.7425069451081,593.9909548622942,-23.248447917186127,4.155254802717764
2024-04-29,6743.18561571036,6787.644589644658,0.5380099882400969,0.5344860305950473,3861.7811918543234,593.6107538067064,568.5600468203224,592.520010292204,-23.959963471881565,3.5843289681112083
2024-04-30,6742.816739743219,6787.184148789703,0.5380770945487914,0.5345597173819074,3862.0515947780987,593.3670968547435,567.1782087657941,592.2393115319832,-25.061102766189038,3.442002766497467
2024-05-01,6743.8057602095505,6788.073338319396,0.538040464366309,0.5345317002302266,3862.3551194835964,594.3205776404623,567.7405309441765,593.2091457226172,-25.468614778440724,3.8397872695746855
2024-05-02,6744.836049817933,6788.996718640011,0.5380317002216992,0.5345319430832056,3862.8822699299794,596.6022435887511,570.2104164087217,595.5469132120285,-25.336496803306773,3.415682508619625
2024-05-03,6747.235865768095,6791.298823173933,0.5379007015696489,0.5344107217706512,3863.315825486735,597.9897657978593,571.8393706098906,596.8882495570022,-25.048878947111575,3.4493605455157876
2024-05-04,6749.965784879115,6793.922652816548,0.537768074416207,0.5342887000641482,3863.925974423938,598.9916180213488,573.4185739557511,597.9022963180126,-24.483722362261574,3.9115359049702647
2024-05-06,6749.829324866734,6793.582932714036,0.5375324227349946,0.5340704818030155,3862.1547093228796,597.4889924355932,573.2593387287159,596.4528574023907,-23.193518673674816,4.067193693935906
2024-05-07,6752.516692347963,6796.191741813222,0.5373988485485431,0.5339453083624228,3862.732273404682,596.7416632813624,572.9568605088864,595.7072658866313,-22.75040537774487,3.672108866407598
2024-05-08,6752.9559174729,6796.538837416375,0.5374898902864043,0.5340432272982053,3863.637964437083,594.3266020352727,571.658931684004,593.2892786416583,-21.630346957654297,4.128616631363911
2024-05-09,6751.474309041933,6794.985533300123,0.5376253083993372,0.5341826615760288,3863.7634888974294,593.0258668359163,569.4060328502712,591.9603053271451,-22.554272476873848,3.3790283151794256
2024-05-10,6749.177772073892,6792.623087074733,0.5376723744079217,0.5342334458270246,3862.7873518444003,594.1207580771539,569.8531468624212,593.0326864989039,-23.179539636482673,3.738996629990993
2024-05-11,6748.743049493581,6792.111445005509,0.5375536135342549,0.5341212732510632,3861.6853890352304,594.4923728661593,569.4453571357085,593.4389551295417,-23.99359799383319,3.4885496920769583
2024-05-12,6749.615098736792,6792.891840733952,0.5374494324301923,0.5340254031700283,3861.4358682461034,596.3667749745749,570.7141172644131,595.3243128033643,-24.61019553895119,3.9348738382532247
2024-05-14,6752.2991532711485,6795.41127654857,0.5370085715047234,0.5336016283789053,3859.8026764381566,600.2818483828589,575.2500325541286,599.2421750554137,-23.992142501285116,4.335476954183832
2024-05-17,6756.642195624547,6799.506948151099,0.5362385779835771,0.5328580778803003,3856.7473157342206,603.4904208579677,581.2156251492004,602.5062566615113,-21.290631512310938,4.145382071614563
2024-05-18,6754.431073511683,6797.231372725306,0.5364327198313432,0.5330549503164072,3856.8810433970666,602.1193963380366,580.8177161101802,601.1820921361491,-20.36437602596891,4.0404134225079815
2024-05-19,6752.124485339439,6794.87498841009,0.536691181798299,0.5333145460169794,3857.4216202086936,601.3624956761621,580.5546640862483,600.3961405280019,-19.84147644175357,3.814684000119769
2024-05-21,6750.5335921765345,6793.170099406537,0.5370994605264551,0.5337284209827865,3859.446535528541,599.2420970412605,577.5573707811596,598.2929160524576,-20.73554527129795,3.9258916428200337
2024-05-22,6749.939480445807,6792.530417781484,0.53718134127623,0.5338130741597077,3859.69518758954,596.9401515458746,574.6332914058063,595.972360364084,-21.33906895827772,3.5592523868532453
2024-05-23,6747.851161538575,6790.399791862713,0.5374428598302595,0.5340752440397035,3860.3795146239777,594.7318277483967,571.9274891012894,593.6664908330968,-21.73900173180732,3.8415211907130242
2024-05-24,6745.689368087753,6788.203444082419,0.5377093615378848,0.5343417228323311,3861.0564063074894,593.5205891123435,570.0798785072277,592.3879901770306,-22.308111669802884,4.084797084692468
2024-05-25,6744.95855273866,6787.43043479117,0.5378479488955313,0.5344824021150318,3861.633134249611,594.5657767193591,569.821240653563,593.4741729748466,-23.65293232128363,3.5818202220585817
2024-05-26,6744.099213586614,6786.540288862963,0.5380500077112254,0.5346851973796362,3862.591698402966,595.3505378481739,568.9358638164981,594.2473367731043,-25.311472956606167,3.780985396937922
2024-05-27,6746.137369958152,6788.528672630684,0.5379781327710558,0.5346187017430265,3863.2428880517605,595.2858083757234,568.1140303618463,594.1661366956437,-26.052106333797383,3.4326300578354676
2024-05-28,6747.992723866052,6790.332453144528,0.5378352714157502,0.5344817095768725,3863.2791996242854,595.9152129941956,569.2859732043955,594.7856787367022,-25.49970553230662,4.0429017767171445
2024-05-29,6749.042633672666,6791.341490005898,0.5376723950676265,0.5343235828444777,3862.7101558958516,597.9124605044204,571.3484442266533,596.8688444799897,-25.520400253336334,3.7532764006583648
2024-05-31,6750.938076105688,6793.175351192949,0.537352423324076,0.5340113786800923,3861.4956178101193,600.2247241670486,575.2746982550394,599.2055307849533,-23.930832529913914,3.534119612003451
2024-06-01,6753.365796875177,6795.564509140972,0.5371059543565359,0.5337706641692895,3861.112459226891,601.7189898060417,577.9548069473003,600.6240532140677,-22.669246266767345,3.6954452943119804
2024-06-03,6754.230145663926,6796.387100145233,0.536797000112296,0.5334673300440693,3859.3853602222157,599.0536318875999,576.5558492039894,598.1296984278138,-21.573849223824368,4.103728368869383
2024-06-05,6752.166263984402,6794.307953098068,0.5370747882955192,0.5337435823926697,3860.2026436348992,595.6827038716415,573.3029111776301,594.7514312706392,-21.44852009300905,4.0861036349490405
2024-06-12,6751.025477364827,6793.1473864519085,0.5369561688226158,0.5336266931554159,3858.6980292791245,599.5643513198021,574.7399855722127,598.5527515741538,-23.8127660019411,4.283918335396834
2024-06-14,6751.624349873262,6793.751384100229,0.5369651996035718,0.5336355588699809,3859.1052312680363,599.9744287554976,576.2929784320824,598.991476988841,-22.698498556758636,4.1605501086762615
2024-06-15,6750.449957590496,6792.594573839559,0.537214435300332,0.5338812912457189,3860.2248859123056,599.7302980305199,576.2402531543244,598.7214553599239,-22.481202205599516,4.264230361702744
2024-06-16,6750.9346522107635,6793.0925965219,0.5372250851953301,0.5338910653947158,3860.578588814499,599.84777029991,576.9413756862758,598.8868422322032,-21.94546654592739,3.879951287309609
2024-06-17,6752.224300236177,6794.3928026796,0.5372333594330988,0.5338990914730526,3861.375556101862,599.7215765985967,577.3193879518282,598.7198682500848,-21.40048029825664,3.5299278480437124
2024-06-18,6752.5670507963405,6794.75481353931,0.5372503562674709,0.5339146375865518,3861.693735192058,596.4266707015553,574.8140506045706,595.4488061797958,-20.6347555752252,3.569462130341549
2024-06-19,6752.15959047929,6794.374562502887,0.5374527479114912,0.5341134335259842,3862.9153946958127,593.5562256787366,572.248993748072,592.6399231817915,-20.390929433719407,3.835928336483448
2024-06-27,6753.168809282997,6795.681285063563,0.5369353178726199,0.5335763537394783,3859.7732104892402,601.1677020621397,577.4647439628006,600.1738207399725,-22.709076777171845,4.6113440744036325
2024-06-28,6752.407222648424,6794.983379387959,0.5368707178019494,0.5335067814162712,3858.8735988124813,600.3574171271296,577.6434777952802,599.4377080509448,-21.794230255664615,4.300917774547315
