mean_daily_rv,mean_daily_rv_red,daily_rms_binned_rvs,daily_rms_binned_rvs_red,num_obs_fit,day_mask
-1.204024229071604,0.6950033887950777,0.7819672823847893,1.120865479820137,183,true
-0.8933008502864025,-0.2726093423345114,0.5297135350749796,1.2753563807953836,120,true
-1.482090284523467,1.003746970510208,0.3217665440246693,0.9542684547282959,183,true
-2.166183033904527,-0.8612431517734372,0.647393631006725,1.1245102754875969,198,true
-1.5680245187998407,0.007554774883866411,0.6607201812960795,1.2997196735685965,118,true
-1.5541469026637746,1.1947134180736239,0.5689531569656695,1.2167905102940615,133,true
-2.1661180711444956,-0.2907467104242914,0.3771775753736756,1.03248122468894,138,true
-2.56042011964169,-0.7704963901847042,0.38534648666901244,1.0173667791601688,80,false
-1.9171354831670522,-0.7771685457227324,0.5616731369842053,1.2616295833867022,205,true
-1.4510765702899535,0.9893824144889471,0.5603964385100177,1.1126034355052996,200,true
-1.7115372767190655,-0.8487878731345762,0.40348451173389116,1.0282979374521715,185,true
-1.5219074387984037,0.014044649634918457,0.7862202301033663,1.1404118596496788,187,true
-2.332279725373362,-0.15774790016099535,0.553945677796505,1.0541854827561803,213,true
-1.967396767756288,-0.33460575868756687,0.5586165899056855,1.267808300554217,199,true
-3.1021559676626116,-2.0163336770998455,0.8978507109288463,1.1317975409703798,190,true
-0.8940639331664183,-0.3836296819106364,0.4094854949033437,0.9906211183771528,119,false
-1.3361326601525618,-0.6944886390434963,0.2930501547368364,0.9259777834561657,59,false
-1.62470391723764,0.7104652881260888,0.45635730239857475,1.0093537369842511,194,true
-2.1156077299648177,-2.4950697422304717,0.6194569379011736,0.7149335431087677,121,true
-2.0837604147510174,-1.1213969282875624,0.4373117916332759,1.0739900926770167,143,true
-3.024994949047514,-2.242308936470655,0.7184211636402541,0.8156381482208114,186,true
-2.968837458050222,-1.7669097839398704,0.4876629272778592,1.1436560392065838,111,true
-2.9072531528132157,-0.5022109636947383,0.5251976625335598,1.1045895237664503,218,true
-1.4626379296115308,-0.4634580246077648,0.469759583844371,1.1442565664769293,206,true
-1.8284315320665634,-0.3824946715563922,0.5231299265022704,1.1407701899518758,64,false
-1.7255746580067068,-0.0077489266374074495,0.34960198160969336,0.8936430618140602,113,true
-2.522460282807234,-1.9791055140807585,0.5265882775427805,1.435766781672651,223,true
-1.825132557838134,-0.7300408646826163,0.904450893970796,1.438192800744772,202,true
-2.4241580254653323,-1.3365754996360613,0.44609637841399974,1.3891052778297939,203,true
-2.3297979154274175,-2.7359633194206716,0.20450042968884263,0.7548709985084078,22,false
-2.182575077320881,-0.530332728106986,0.5986141879963679,1.2705508185684495,214,true
-1.698574440830757,-0.6712040936349801,0.5377306850168666,1.4637033986919867,195,true
-0.8726067197827309,0.1844465726041813,0.6644280786781114,1.1346469617038937,176,true
-2.21129477401012,-2.420043774261881,0.4611057334802673,1.0386367498212672,187,true
-2.2471084634052896,-0.24097204055365212,0.38844875995287714,0.9438279697090058,121,true
-1.5821933040710987,-0.6530790919837581,0.3792915546085296,1.013748911996567,218,true
-1.7393755417189032,-1.1215564959969722,0.43179576616181703,1.3809725602615217,224,true
-2.3386012832231864,-0.22030732777530632,0.520759687254951,1.122255726212651,109,false
-2.442881272929612,0.06106734106516504,0.5361902104333196,1.288919277146025,115,false
-3.593945409550836,-2.7399511759182658,0.29874359658062966,1.0785116547747347,218,true
-3.3758225150411976,-2.2872613482114,0.5276155053645293,1.29462025763207,166,true
-1.8944893914306595,0.03780321931181209,0.5819722778694643,1.3905359865352556,88,false
-1.356018320980061,-0.41403613971851155,0.0,0.0,21,false
-1.7644541582171267,0.30526780882939797,0.43608442354117694,0.732404214808279,223,true
-2.1390542309733815,-1.2328631477233845,0.4704387610318945,0.900378608454934,158,true
-2.2355351235389667,-1.2342320965337645,0.5891450850057708,0.8846606037549182,226,true
-1.7792376570906783,-1.152644456462501,0.36316127734923326,0.9451342341544523,85,false
-1.4838168121374964,-1.4892479386575532,0.339984933091935,0.39921689871413524,54,false
-1.4026392269742445,-1.127734865157862,0.3400458986216671,1.2232397344520523,192,true
-1.4206181628862595,0.4227314180685117,0.3393245513242055,0.6994694362477424,169,true
-2.329951681754863,-0.2314815547741925,0.4304112480736255,1.2623903045104383,210,true
-1.8358408854065407,-2.3883699761997956,0.36355975872791674,1.0095404897186344,25,false
-1.2316761378199106,1.8017588591320148,0.34319893742700386,1.1470122051767457,217,true
-0.7463269896577467,1.3522153020081658,0.41897610019546433,0.8889176281104187,100,true
-2.687287564148443,-2.2586132366671143,0.2923747772072298,0.9417195659236868,116,true
-2.2081329094679467,-0.8472586812064898,0.4358730375580177,1.056454125756592,226,true
-1.754916115705244,-0.7072950596797118,0.4432128039697133,1.0136615615775124,223,true
-2.7429503717397385,-0.23711381305321827,0.4584380310820001,0.9771493924436419,213,true
-3.2719358316298033,-2.573902416880223,0.3536233921439946,1.208844327092666,222,true
-1.4816580591660582,-0.03808351351375433,0.6161798344553935,1.0523566287968542,127,true
-1.4494599303870523,1.0732014912176935,0.3680784735486799,1.0412182193821637,201,true
-2.036452812149088,-0.2819936025465354,0.5870900871097534,1.1736326168431033,222,true
-2.477540695570739,-0.18542373351558455,0.41663191640324615,1.3000987917734477,218,true
-2.1242086030610254,-0.3485721669568174,0.4432712813668389,1.1042218609428167,148,true
-2.2332521106707377,-1.3694700938756177,0.3973926187274631,1.0781531901136725,224,true
-1.642724773298279,0.03853773785891268,0.4212909973423199,1.4242365197551898,194,true
-2.2436517219075918,-2.05998047744675,0.5288834851223433,1.2612856629107134,226,true
-2.2022363298390495,-2.562371377149412,0.2526750457257079,0.6577780390729705,25,false
-1.3087970700068912,-2.381802359602829,0.38135328462283197,1.5786627018667594,171,true
-0.9744628211564414,-1.5182274001901899,0.23972518700961215,0.8420599758555275,47,false
-1.2919528381182535,-1.4663379843950881,0.5247301311625441,1.0015249987169104,197,true
0.6606391119892567,1.42836999282049,0.41257076871984727,0.7696367424751994,176,true
1.3992481468192202,0.4385913727674912,0.4475272007870293,1.3192327536739683,94,false
-1.8247664900585217,-1.3260496480122637,0.0,0.0,27,false
-2.686494873618549,-1.0719914416283147,0.44057207621489436,1.4363211214977414,223,true
-1.8861057531394378,-1.477538198785197,0.35797984708233993,1.218229528413205,219,true
-3.1568470841537106,-2.6202515881866315,0.38794479327259485,1.094870739303016,224,true
-3.9779871484932805,-2.1221428830538964,0.3958848854528803,1.1772517645897451,213,true
-3.1723421076042544,-2.676695020386496,0.5397032467723955,1.1522118366229441,197,true
-2.933319377393987,-1.0979899306239735,0.40545402655613155,1.4182737234803098,225,true
-2.2228016198616123,-0.6753778163694457,0.43178362991236385,1.0473709398030646,205,true
-2.495550918601088,-1.4905091627955662,0.45157776728420357,1.3205348787980027,190,true
-1.7834612675620733,-0.4800409884406773,0.4624208781554055,1.2158093704932076,209,true
-2.4942378963160925,-0.29517385960340764,0.29579407513264533,1.10634324001496,124,true
-1.976689164904143,-0.730719094775352,0.4450449711093581,1.029759479235137,192,true
-2.790761292510773,-2.054418258361739,0.37886721298995485,1.0988985557718125,218,true
-2.6806314058051415,-2.960657582721029,0.49465417568394004,1.1077517484912969,218,true
-2.7527508316170266,-1.962678597391172,0.47129754596373724,1.3103974624323549,212,true
-1.4066989597921462,-0.9334689843647785,0.33945020034960344,0.9931790123421717,94,true
-0.8078222852713572,-0.9063070360576986,0.3913545187549354,1.1888299813036705,210,true
-1.3803739356077789,-0.9964045945891437,0.43387638390079397,1.220352472659986,212,true
-1.4326759909359692,-1.4502610836599328,0.30065521288393177,1.5687115453363418,88,false
-1.9654557261129735,-3.2658975484973265,0.3328603454729519,1.252815550077091,203,true
-1.7704345113043005,-0.04896833659429889,0.3613872941595056,1.6411683361327696,193,true
-2.91276862717286,-2.943653826724047,0.4117014887847833,1.2556470128150268,203,true
-3.8601591144124665,-3.914668288945285,0.5856088814245323,1.5841978582443497,192,true
-2.4134067015606853,-0.9848094941946332,0.4498941451605887,1.5097597580726034,198,true
-2.4523784546251606,-0.49448051367844215,0.373036375657778,1.0788894820454022,150,true
-1.838627238483396,-2.0682280543025433,0.4071165490961984,1.1415152738930727,183,true
-2.469424390749352,-1.9864436083567583,0.34759621661081563,1.1360610989534066,188,true
-0.8196504116030294,0.3324098855271732,0.4375931081184431,1.3626125814615964,78,false
-0.456242985382546,1.1221999168683234,0.4518557209248004,1.2892931483817351,197,true
-0.711473253115238,-0.5225059243779037,0.29906297937980664,1.2774939260987836,127,true
-2.7395406650002907,-1.342291953262487,0.458907192267706,1.4582172690385298,101,false
-2.7470077189850683,-0.6100973240108456,0.20878987415895042,1.4169874968523382,68,false
-2.8939910330646805,-3.446350090094952,0.3420633327811742,1.3078410131619107,144,true
-2.8158762487788014,-2.4111193399359676,0.40397569751039664,1.1177247434221609,194,true
-2.694016573419759,-0.9527765824250392,0.40413684405772354,1.6232983460673525,186,true
-1.782703857858773,-1.473397606962616,0.6178872639271307,2.2822531202004206,177,true
-2.2600312772922533,0.8863407850358664,0.2662573843605435,1.144882221572965,67,false
-0.8137095454751231,1.7124015481163681,0.0,0.0,13,false
-1.3298961876563942,-1.4655633847206224,0.3534304855277142,1.9414234821478182,85,false
-1.3635233665322686,-1.2332494376269025,0.44198827726643,1.535633300650094,107,true
-1.3159897865867887,-1.7287514674418731,0.4715438524926588,1.3228390116675262,131,true
-1.8708676681203276,-3.215201664766048,0.45975737849488235,1.8580632056319655,109,false
-1.0678718567504186,1.1837032731074946,0.5026166041196639,0.22379220194244234,157,false
-2.205629188462984,-2.366491660914336,0.36014000705009136,1.6100193526830355,189,true
-2.959181749817313,-2.98935792601385,0.4371864321510819,0.38107206601413174,48,false
-2.3202306764923852,-2.6934940862174575,0.3379411612422772,1.7442623556037185,147,true
-1.9147848014900073,-0.9866374007167997,0.31804901567813315,0.7773707519604763,60,false
-1.1126549462497448,-3.1489646784860748,0.35991365690686544,1.8588026645050744,168,true
0.7194950867456212,-1.0421424724680217,0.3497114901643099,1.470658968173342,62,false
0.10751563645533371,-0.0055392376115177,0.22862388890963417,1.3347050890091334,48,false
-2.330225371762507,-2.559961884577958,0.3967881081168278,1.1281037669245535,188,true
-2.262032523789452,-1.944419193979423,0.39164666825869,1.7186897403600623,144,true
-2.972312268563543,-1.8588894053810865,0.0,0.0,22,false
-0.7447983431609848,-1.4515183415555266,0.5505864914326623,1.6247539229582195,206,true
-0.8144163856200145,-3.3397657673790873,0.33085069690161556,1.9475161394137976,50,false
-0.6381793157898464,-2.8198792898550207,0.36661253242763153,0.6782850219944655,59,false
-1.7131801043361037,-1.1119229934881634,0.2677459723872744,0.1838610687182154,26,false
-2.4309096891997495,-1.7428225360272673,0.4262126069126643,1.4002345428368757,178,true
-2.6400090151505275,-1.838231352779356,0.4273300629048723,1.4915418571304238,90,false
-1.3446200063530105,1.9361424814905144,0.4465264361150503,1.0827889435089446,13,false
-0.9565007260768867,-1.6446095159279737,0.17181958802729014,0.05403035332096806,27,false
-0.5884326303832356,0.20532817120149682,0.6031627092783507,1.5711553033151913,153,true
-0.9676946618910396,-0.014982861694825655,0.4703060498327014,1.9331187032779233,219,true
-0.8353097463480914,-2.2581636997251024,0.6877397680511151,1.9521919830693888,227,true
-1.6041562681711203,-0.2489932058754463,0.4321363016254872,1.304284660376937,239,true
-0.38548228897590153,-0.2096905198280028,0.31861429204315045,1.4838905342758433,222,true
-0.13914626549428738,-0.5376848406184378,0.42698969563831285,1.2250931665424478,196,true
0.659646589336133,0.739070346784414,0.4050556411096531,1.4560852707593115,113,true
-1.7061705063047354,-1.2705374510630632,0.6484344871392762,1.561970876298317,178,true
-0.2234552647786379,-0.7956916871929656,0.7890832179590409,2.0489631167169335,161,true
-1.9425988005936266,-2.217345505876845,0.3574207497984083,1.1939123101561369,113,false
-1.6190308000061657,-2.0957423377873967,0.44475177945433125,0.9722085318452548,51,false
-2.238023435289786,-2.9940519824973935,0.5505200988584988,0.046852815852616914,56,false
-1.5992819938461638,-1.5104241682612174,0.4689721870660771,1.4645271248767784,243,true
-0.6418005167411036,-0.8504504779453842,0.3917778215763277,1.563156621053489,227,true
-0.7751657248532388,-2.1499544551486958,0.5685172284207313,1.0872369329869336,51,false
-1.0592321983430595,0.005905872955317415,0.40935793801096554,1.8691346967660039,78,false
-0.48824378066945856,-0.17749943579235253,0.7178712002719284,0.27011249275413124,29,false
-0.4038356886060888,-1.5217138818359812,0.42113305013680113,1.2690693246525582,64,false
-1.1098510028294102,-2.153565692533019,0.5250956683206771,1.6506862435731757,220,true
0.07378338747376725,-1.677526765919882,0.3417876257689601,0.8664879677874574,80,false
-0.6338034536632473,-0.7457271806903334,0.6363269446432603,1.2863410057100895,95,false
-0.43764545303866,0.02553570657683335,1.1130138125818398,1.5228583721024955,72,false
-0.3815087714383458,-0.6415537261069364,0.4561343202288802,1.1817307815708018,235,true
0.9005663047635185,1.0906855459636158,0.5769355762112061,1.5463439578910416,239,true
1.2223708591965607,2.2311828008180092,1.0372494598743445,1.8022676414989829,238,true
0.21953355359753762,-1.1005395898414854,0.5164813877909424,1.130430950828038,239,true
0.10450163048935386,-0.5175362362800628,0.5164885171164946,1.1270800033058923,110,true
-0.5142963590412817,-2.3390773151783355,0.4230983821141605,1.096695858576876,141,true
-1.1865429597641515,-1.8967947322484011,0.5863271371448785,1.2580181853221402,238,true
-1.4449272539496822,-0.14331804499378048,0.3934320004021399,1.1541422579492755,221,true
-1.145787796877816,0.11383320345613442,0.6910763461517947,1.242723264963598,153,true
-1.2762811638923504,-0.5314565581526578,0.5896344546721456,1.3619148978715114,243,true
-1.8523479552385336,-2.177336069181748,0.5355092427091563,1.17461227640548,123,true
-0.3560818131719674,0.019281417987473598,0.47361905515998726,1.0268263445533055,188,true
-0.6941452538140324,-1.052815640800483,0.554823210307929,1.3901417663234512,155,true
-1.1132263559013509,-0.7902125370462836,0.881622341461152,1.0957863861773334,243,true
-0.8060446695157242,-1.5939553480884936,0.7481892036856221,1.0562210585884786,241,true
-0.3721064538735599,-0.30043648730234207,0.7675423856912688,1.5939027990484083,238,true
-2.0413002624023466,-2.6707554158677684,0.8365284263584456,1.116084047942592,243,true
-2.83113416321427,-3.4547125856319942,0.7810989347888867,1.2041233135599634,238,true
-3.508133686493538,-2.297286063094349,0.6057203391980552,1.3057027059062027,205,true
-1.565674886446414,-2.2599626104972073,0.5965260980798226,0.8393146753332618,56,false
-1.1725544485927617,-1.9417896980017304,0.8116760695404078,1.042718527041627,210,true
-0.9658997638140185,-0.30625733759952734,0.5420545234784749,1.007782023563951,166,true
-0.1232071298104074,-1.2969561903061446,0.0,0.0,12,false
-2.038178776935723,-1.952796219070638,0.019442025268915586,0.8507493205056562,16,false
-1.7186084487036304,0.9319588955660363,0.0,0.0,6,false
0.10691531331491681,0.03849077878909468,0.5987963003951321,0.9874756290637408,52,false
-2.531689390420654,-1.6863115472324584,0.6296602864443768,0.9632923588688207,60,false
-0.5513981504835868,-1.5582136800516215,0.5384329651422081,1.1294091186522124,232,true
-0.7608726677352009,-1.3895384588861115,0.9808336474609468,1.052323540546639,232,true
-2.98630807611394,-4.184060137541087,0.6958095662131529,1.1726280105775244,231,true
-2.13565258939821,-2.1233969972745617,0.7188146508993887,1.3428197793120167,231,true
-2.2659746487183514,-3.529789565314163,0.6696953164198127,1.4019705675212684,194,true
-1.8060229959491645,-2.5269862805287806,0.553786465649616,0.9771400345691412,85,false
-1.8698448889032047,-1.4352825756841754,0.7620510947482872,1.5517539329939203,185,true
-0.7695672802798927,-0.3708697801888893,0.8571391154239238,1.430817059566566,230,true
-0.5206056252861283,-1.6061301053809598,0.5821144641288775,1.3107331823977233,35,false
-1.5899424568211176,-0.96398274650361,0.9351572376056771,1.200086192425583,223,true
-2.195511921771277,-1.6410574991731313,0.6977707102375708,1.1961140140293876,211,true
-1.2014839481140642,-1.187390928369616,0.9439161305239736,0.44345231222496295,21,false
-0.8366711339079083,-1.463610617978337,0.42311758788435605,1.3619088175040033,146,true
-1.6202685102489411,-1.7432089217704498,0.7453781833542253,1.252434460459688,221,true
-2.0579913243406893,-0.7971450042695587,0.48654689759308606,1.3481075124287236,217,true
-0.10374472372534467,0.09586120332176651,0.49436677755154124,0.8532494189020339,62,false
1.4501800667273699,0.8321727320266564,0.4621708274672563,1.2552200143326633,216,true
2.602999563068762,1.9048862399170825,0.5688051700874659,0.8184703200707774,68,false
1.7391648273450289,1.5419062954279839,0.7329164424102299,1.1811111403407153,191,true
0.6650229483336632,0.8410235650706264,0.6123108398554877,1.6720907209176008,190,true
0.04420652633495118,-1.0113429513640546,0.628170212650993,1.1972019409636891,165,true
0.247870125845484,0.29132408809293486,0.5305891010351721,0.18789414336991153,22,false
-2.947331000888299,-3.1265057554648075,0.4077472830838987,1.203334931030059,160,true
-1.8879575638067856,-1.274030236465105,0.5272184046296713,1.3267652296725545,222,true
-2.38387585019143,-1.9688814152435123,0.744253683733853,0.9228573077711064,65,false
-1.422124640461211,-0.39586632772667274,0.6853167208561342,1.142093876210712,221,true
-0.9791309397978079,0.14247732158695584,0.6217124740618009,1.2356770367461458,222,true
0.07635242778479337,1.8643073902916816,0.7052572011714311,0.7591267275433742,64,false
-0.3641634274537999,0.637977570342481,0.5016851565998497,1.2189368809189138,227,true
-1.437244351161852,-0.34619698208204663,0.5604551349376735,1.2964052568773228,98,true
-1.0932180261150382,-1.5594412926688066,0.7315559091620522,1.174606024572226,166,true
-0.8338643957329588,0.4633434128263561,0.19530694409681293,1.5362705490194106,36,false
0.9899466188514866,-0.5603750120514672,0.19137063844457436,0.3452471663072279,31,false
-0.3904958202590028,0.7804077625868059,0.23810354416650448,1.344145085171218,68,false
-0.6505157720318369,1.1154008698525342,0.45914709712625,1.402267486797343,179,true
-0.4524866294721676,-0.21240564424406677,0.02822405611607337,0.09951657737735786,32,false
-1.3917671468867658,-3.6676869243809893,0.8197806253478978,1.1342190288749052,225,true
-1.052244754844129,-0.7484916620352933,0.4754913371310157,1.1961874058362283,228,true
0.4348415340121793,0.940914042225553,0.5824048748795873,1.6152232175327663,101,false
-0.8994787077876643,-0.923861842435076,0.7151638435327017,1.129270079580579,228,true
-0.24469359129225887,2.0963920766409463,0.5629925178056332,1.546402434998158,112,true
-1.6156193313262954,-2.0826823620927706,0.35277376322116116,1.0691945333649202,222,true
-0.048742463996544895,-0.6922843725331704,0.6685085807448153,1.1740245948422983,215,true
-0.9063951245885051,-1.1018290107512636,0.5920423334475058,1.217097671423561,250,true
-0.9360266681218766,-0.6482427910843289,0.48633846067531955,1.3314722746255985,86,false
-0.06333233944040434,0.6710872941921104,0.42533906362295926,1.1725649733921117,130,false
0.8778518341646012,1.0452501306710078,0.46548711206984267,1.213603432096611,254,true
2.078627576119482,1.5698449497274054,0.548928120259185,1.03147606561515,253,true
1.0003068408946825,-0.6375027597027365,0.5546863595357896,1.174027861061438,207,true
1.6538919616885037,1.37034799484007,0.39179597610255545,1.4917641828207673,250,true
0.5612209752112816,0.1652732777911751,0.42972912997146484,1.2223133939393784,178,true
0.5325756208146265,-2.199694299817443,0.8440845235315453,1.6487631022722589,235,true
-0.045577772035242735,-1.2462448716463375,0.4433849609025692,1.391381391107182,253,true
0.6690866905815428,-2.644747184698994,0.6016855065639527,1.23201864832343,243,true
-0.20240859981769707,0.15961971054093854,0.5325546096705498,1.3469606849696227,243,true
-0.1850847948195336,0.46833286537287916,0.49058305503880706,1.2549947334998095,235,true
-1.8052774926844095,-2.3537392759562614,0.6370515635652826,1.3328490903123125,248,true
-1.2575151639102093,-1.5810158517754482,0.3682825975594678,1.5019644485669696,243,true
-0.5409281796462394,-0.8683941974137581,0.43562966872499376,1.0512653578908437,183,true
-0.44675385110345467,0.10233961353116477,0.5470891686723249,1.2592929911242565,110,false
-1.3601736871602677,-2.482879438969621,0.4619617604735745,0.9318507164188832,243,true
-1.2006850398808975,-1.6007968092755482,0.4434929670453624,1.420069792212488,252,true
-1.1710060989029891,-2.6986503663527763,0.3457593314266507,1.0688602518742272,60,false
-0.6780539373688225,-1.3281204660952528,0.36331379289559573,0.6763708976151337,82,false
-2.041452165347963,-3.096565530734287,0.4929461057506114,1.3247574115141383,245,true
-3.1485308479463194,-3.8070533360619567,0.45809473548381946,1.0250616820035912,53,false
-2.1237097453112885,-3.5630638075637955,0.482136701780669,0.9963455097803751,225,true
-2.128613083764939,-3.298506224604035,0.6906137778006528,0.8770859891325024,254,true
-2.163443079515809,-2.7768342753279107,0.47712793280591875,1.3989142578542662,254,true
-0.3596880566514186,-2.0696209348939236,0.36785282742236436,1.790158170361768,160,true
0.5898523374497829,-0.5204542975862781,0.5069891362889188,1.4562158583988123,132,true
1.2513494618400727,1.343820235179384,0.5101559176711493,1.8367112590597634,95,true
0.7237386812027603,0.6898176326106717,0.5826612471915983,1.0198311072275812,244,true
1.7573930421050388,0.6494346756640326,0.5283941607850857,1.0827586005484964,243,true
-1.099960217969096,-2.0408438556616577,0.4083693714546444,1.151577806324773,249,true
-0.7947802062992246,0.10643756933472506,0.4391420019317318,0.9794261215397512,254,true
0.06519608220204257,-1.7774186607600113,0.3546311927796453,1.024927191879415,172,true
-0.2730720405676295,-2.505644342409534,0.5555318572590935,1.2126372971486703,242,true
-0.3994503621530793,-1.321656653140261,0.3391652315759253,1.4383944467428111,131,true
-0.4397436979935767,-3.320161372964088,0.5070259939102196,1.3069559697317572,215,true
-3.0430520618789707,-3.5336020962551102,0.45383647420005274,2.0918562105432357,248,true
-1.9306686879575237,-3.2457050891309063,0.36228999369378445,1.2166530865267575,244,true
-3.1188498508404696,-4.842445664124171,0.619253202509381,1.0271317231719093,254,true
-1.8431292492303326,-2.474057606673921,0.38185398526929093,1.2600160136702865,83,true
-2.9084204130708886,-2.739236631238665,0.5221546189461235,1.126015552397346,251,true
-2.963395463398491,-3.3659177400886224,0.5490692897120429,1.3854031118411105,214,true
-1.765205346648104,-2.4432733527314117,0.4081133316728871,1.266821446044988,253,true
-1.1499009201803392,-2.2692870909646876,0.5202552253989007,1.2862878703855884,251,true
0.6085881386230736,0.922640062332249,0.3494687920100174,1.1192009620133538,185,true
1.2332519810699814,1.4048819059508362,0.2929099130009338,0.8062523333644687,98,true
2.4279300312610554,2.363600278031338,0.7155480904517114,1.2527584262985787,245,true
2.078431572783957,1.0874516116403177,0.4668823328995699,1.2004733217550114,251,true
1.4363831990639466,0.7431385540469955,0.39232255418706974,0.9261978854276354,202,true
-0.22233263880463233,0.11489433617437045,0.5637657408904528,1.1603883993851154,190,true
-0.7233918168474737,-0.33191590134450444,0.6280119923404263,1.4736872036723283,250,true
-0.26809329334394955,-0.8277996125427157,0.38221679741026593,1.7460915215973996,240,true
0.26653547403148453,-1.1927519128384687,0.43681097069264063,1.2847436722853194,241,true
-0.1209281082881226,-1.469690281762467,0.263353025045227,1.2418139066988987,138,true
0.1947617219230705,-0.9370416107227385,0.42099059021685653,1.178558954657028,191,true
-0.7690303857127097,-1.6485247466992614,0.8035705237345193,1.3947876307662206,253,true
-1.93558950281958,-0.4726524238448846,0.5729313543550981,0.4934180862685789,93,false
-1.1037052509088205,-1.684902459797213,0.474345760348582,1.2132450205332017,241,true
-0.7812478872561159,-1.364616006397295,0.3353835524822802,1.3945715023143077,251,true
-2.4695299777537256,-2.180729756628927,0.37729388066178554,1.4826284366264129,195,true
-1.8460177507810713,-2.6204949661268166,0.5142612074775903,1.3970955546673787,253,true
-1.1632048729822495,-0.8808532637919946,0.46111659388616444,1.600598652281256,230,true
1.9835838106632613,1.5231256764942671,0.6049828360143888,1.3214027692750874,250,true
3.4511606235433603,2.652382683258187,0.4481194180183339,1.2852302176592356,250,true
4.317649834926071,2.583829323225058,0.6757061175868152,1.957757662591636,239,true
2.687764774780448,0.8167699757412106,0.43598959515780045,1.1986747302581118,249,true
1.0536556736469807,-0.01777534499209306,0.573463520458231,1.2844638290195691,212,true
0.029587087576980614,-0.8535672519661753,0.5076714164833032,1.3015948211114359,236,true
0.8452718933351402,1.7063384649249025,0.2508846753920011,1.066838382363244,46,false
-0.033554999377162664,-3.0531391751404993,0.4986756452082313,1.539983979802088,250,true
0.9011086052567564,-1.8382844630472435,0.35272106465690856,1.2156974237333422,242,true
1.0600095633020805,-0.8326175082167553,0.4546320327114193,1.0484651520483834,253,true
1.558476850157002,0.8169303931742828,0.5033440903304816,1.7981369416522044,139,true
1.674157122631175,0.19037414446399595,0.4511574052564198,1.337371198051503,252,true
0.01927127189597299,-1.1443577445163966,0.496587644132273,1.6428721477920791,253,true
-0.6963760144892064,-0.12380171710974466,0.39135742593575157,1.5864614754574693,186,true
-0.3758642345470543,-0.9041273619967934,0.4598314150880783,1.291439418068348,246,true
-0.1934011568571091,-2.1713631333361554,0.6244896506122538,1.6283572514868168,233,true
1.855344277169155,2.0025707134516573,0.5251169021584403,1.7690558900108069,241,true
4.318287190534946,2.374141018440502,0.35396205082980803,1.535019840416044,214,true
5.506854894079473,2.292994251084475,0.5357543707893937,1.1863397668457993,241,true
5.597071865338014,3.5167085239651037,0.4669290250387452,1.1694649588771586,241,true
4.433905123755603,2.466546445845835,0.38260438111597983,1.5271139647304164,238,true
3.3525629985430605,1.6995274419546422,0.49040941881531314,2.3093517901636447,221,true
1.5502300738246368,-1.5996655912962288,0.5124109561352473,1.7991044221355794,149,true
-0.021915646030494534,-1.046756914287268,0.40897139163831114,1.9615296263065691,220,true
-0.27852625722333857,-2.305522945081582,0.40393739797634876,1.6949130404133441,207,true
-0.3405088242737616,-3.175476532669118,0.4419124102423865,1.4369244780237806,234,true
-0.15596411336231983,-1.442473251468024,0.39737546291410414,1.1349392330521797,214,true
0.7032420002499669,0.10804114950078408,0.4143846849334112,1.5352038941023012,234,true
0.8465691927333034,0.15543041967579269,0.30547211789802586,1.4478981474419121,96,false
-0.3632268031563026,-1.1464905279911275,0.4794257589273037,1.3783830809913986,224,true
-0.33093165851947376,-1.4740103671301803,0.37210171935288877,1.4214914430989347,227,true
-0.9313814422042671,-0.9078680284195746,0.45483380922304334,1.1662858131669265,218,true
-1.1066836853105146,-1.1482834155153578,0.40318688169216294,1.7999432999799612,217,true
-1.8095563976918154,-2.369604222129097,0.44830840596608024,1.57416366499772,153,true
-1.73634632991891,-1.84450094985695,0.3443129015233307,1.354244107823004,226,true
-1.8578493170762493,-2.9804599039341695,0.370434500824939,1.2127026153026466,161,true
-2.154153081402559,-2.2645504718670204,0.4379376346752554,1.3269889550792537,171,true
-1.4510030323843846,-3.346816011618644,0.4931709188357007,1.5016402295145932,225,true
-2.187696324253127,-1.0647206889566383,0.4821575601734012,1.2487940188969715,103,false
-1.8250485985408766,-0.3025494395670531,0.33619400534874544,1.6953119543496833,100,true
0.21725787586470868,1.5716207408191407,0.3140904463621601,1.3984890606099745,118,true
0.5111050161788181,-1.0759422513927046,0.0,0.0,5,false
-0.5032191581254668,0.00664412043680207,0.3856192259730152,1.0743651929039637,44,false
2.8677753173338982,0.903409261116255,0.47520342383030967,1.2865706338200957,128,true
2.4944312499720374,4.424960320987998,0.5548763989493938,1.53155417491182,139,true
3.405406331659621,5.160186839353257,0.6133179919546308,1.042154598229309,149,true
1.7652394777266156,2.8904422147624156,0.8247895489501365,1.4164923518475803,171,true
-0.341432674991003,-0.7175941673696773,0.823004951220648,1.0966838673113148,215,true
-0.2901409200286851,-1.18949112232797,0.5076873337179931,1.1609473123028355,222,true
-0.5929916730271922,-2.1694460459444267,0.6404011210443201,1.7503968188936945,102,false
2.081066299560073,2.013966271128156,0.0,0.0,30,false
1.2371210744638872,-0.5225251893797205,0.594385552317695,0.9783416612479993,112,true
0.3481208235930398,-0.493016576666485,0.7784526395582095,1.3981204890231569,218,true
0.7376753085756657,-0.23089356347971218,0.48179745197190954,1.0269825971357973,148,true
-0.8487574882263876,0.16667809329898692,0.5701111332007547,1.6416451216732637,114,true
-0.4800725868207184,-0.4734170849681484,0.46043815886535344,1.0519093584251669,217,true
0.7624777242631979,1.923933743611601,0.5173639251681038,0.9927633398493311,204,true
1.7345268864242145,2.727483077941688,0.5291040384743914,1.2203235503857637,218,true
0.16889577969682182,-1.0667823236623335,0.8256703629574631,1.0385198069323043,134,true
-2.408019856760494,-0.978610974244496,0.8268037196136586,1.3751718843004475,184,true
1.9607505547503443,1.9197068307587648,0.6146861369090465,1.1536597361483203,152,true
1.92003437700695,1.836473298857542,0.7099999568681032,1.4433270031856988,200,true
2.141891699566058,2.3305540368441138,0.6141477266578339,1.6454293749566755,210,true
2.4029671434041444,1.7136517559561446,0.6747256725314584,1.3399654810769954,123,true
1.3057503603793699,1.6204490956836308,0.3223578495925583,1.3117186061791208,43,false
2.5345714210628203,0.9559123821821678,0.0601367999811373,1.0380239740114803,32,false
2.311846887952835,2.2636345798122686,0.6510971384178811,2.1625071716674715,84,false
5.748009701225637,4.184955804812999,0.7241340970500558,1.1120194511125079,234,true
3.1945918287095036,3.1438546717612126,0.9325190789955136,1.2275675075979142,236,true
0.6663815964474574,1.0932368429793913,0.7138153635616743,1.0109335048553723,231,true
0.42575468910991804,0.14018448886143875,0.5385249884935511,1.0943473962314483,198,true
0.5143697023677903,-0.6020060351270289,0.4604020146712938,0.8613982113531442,106,true
-0.7465468709924415,-0.290788700952014,0.6417725429711701,1.3622028496883407,240,true
-0.8551207875314447,-0.9962796173924773,0.5551955364441954,1.230881138093361,238,true
-0.9183822248048609,-0.07510515931998793,0.544518360993274,1.2331798028259897,249,true
0.2875756579716498,1.3053080361800578,0.388318771588772,1.3378467073400047,174,true
-0.3475770845772328,1.3557977954674587,0.31925384613966523,0.8731407780135024,130,true
0.449088386805667,1.1883220057527177,0.5830891434270942,1.2341737429392572,249,true
0.7327196210274176,1.3514909819969974,0.49139850920045036,1.016468666889165,242,true
1.0684588962034243,1.101570542248146,0.3734676098398675,0.695375622248614,117,true
2.5587053004714946,1.3035780000895654,0.39632939698079966,0.9880585476278958,45,false
2.566599611393575,2.7768631586345274,0.7959174466879431,1.4267776605925508,235,true
-1.4798636901552034,-0.011438496127053915,0.39860496833265613,1.1017810688348963,56,false
-0.19278130112804204,0.2286268147957045,0.554771052810134,1.3251977489461702,248,true
1.9280905425537855,1.7284088439989875,0.37149634265960013,1.2344059852626947,241,true
3.9707363377450293,3.121414297253761,0.2528987084750811,0.37118886212465835,34,false
2.3967285144911443,0.04978504170970999,0.5089442973667061,1.2572704266492054,248,true
2.198384480948998,1.4895753225317394,0.6021546253853044,1.1801276849516082,220,true
0.7877464791471024,-0.7419644074706788,0.685515222174025,1.1393666687737083,134,true
1.9328829783026562,2.054026339703076,0.3173921880273957,0.8004103794674782,92,false
-2.8515310737037436,-0.7530992540738609,0.271354361650323,0.5563036985687989,67,false
-1.4136760942668471,-0.9590621519179997,0.5067725636132003,1.2639718946679026,236,true
0.11406978385342229,-0.11600576982809174,0.35321817898519975,1.2668111555641237,249,true
-0.7834103884604892,-0.6759280831390715,0.44287570937625115,1.4371838975004898,247,true
-1.531040769519493,-1.427922211314343,0.5354965417028497,1.3859767937204084,244,true
-0.8205037087615179,-0.6589897795076012,0.3208405446930509,1.0076270618313414,92,false
-1.245916406833766,0.19317702926588745,0.5174661103402322,1.3415100958625,142,true
-0.7030255421015025,-1.268529586544253,0.5794335369633744,0.8233792106452478,34,false
-0.09233720269949637,1.6979257089035296,0.38204914942028806,1.3392744153796654,160,true
0.5054043807178781,1.2933915376221679,0.37077794275589404,1.546304560218943,217,true
0.9522234770880003,0.6302062502492716,0.47770861485732224,1.2828498117663543,204,true
2.438289499586894,0.245005563926971,0.4980135785661256,1.3039541735607618,102,false
1.2644180753019985,1.4076660055939767,0.5024033319962679,1.80240419468014,198,true
0.7159514544098299,0.0035278647194024737,0.4204941376823461,1.0956688821471607,240,true
1.9611969325060994,1.6053647800729443,0.4772946431448329,1.191895002704387,249,true
2.2486565493385586,1.7900827249064617,0.5214550181271838,1.5320491878508895,214,true
1.8509578045296404,-1.1589699839948668,0.3707360872422242,1.6627432628003822,250,true
2.017570606590311,3.2934153194701428,0.45904662721354794,1.3203685263406957,137,true
0.09038816129592933,-0.21293549631822856,0.7200624394636751,1.6197249260808302,250,true
-0.3006239382907823,1.1240056818870052,0.45395964580037695,1.405784408186852,252,true
-1.034173253121005,0.5011841776006817,0.6290000419148627,1.1875455927249714,254,true
-1.0616164260890366,-0.7882037272866427,0.450230429059117,1.2280227755064848,247,true
-0.5315418025418173,-0.2406550292933517,0.4166481393188192,1.5120267088858936,176,true
0.06230827186201876,-0.16735731313918478,0.6964501917023823,1.4373125016003572,252,true
0.28519406956057514,0.4701182801339731,0.5559729593149024,1.8288072495779644,235,true
0.675576226717036,-0.3753325080396206,0.4952082333068809,1.6351297886666627,254,true
0.9237412040148387,0.332821669735789,0.679785538899302,1.7034621945925001,234,true
1.3321635953671949,-0.2693277091013596,0.38173771871270296,1.4428261292871847,226,true
0.3251481323410386,-0.5015451263806338,0.3501349898497019,1.700141085392109,237,true
-0.3180314373579566,-3.520139083561843,0.0,0.0,28,false
-1.6927154956378279,-3.165538044882335,0.5856931391742327,1.3843196357858916,248,true
-0.9262957773187755,-1.3920542686973278,0.3883215772046904,1.0218655582219631,117,true
0.7073978412086727,2.395079722929746,0.36002913945823506,1.3916377595861713,250,true
2.4604713475585993,2.105470746759818,0.4602921593509745,1.0117080510532865,253,true
2.5819307992046316,2.890547445644094,0.4329703410372726,1.3991533679730268,252,true
3.4690412701192384,3.9003634524714563,0.4983652721286367,1.4886267047398485,202,true
3.3414251297664603,2.249639942996576,0.5538789830353958,1.6942414122725988,250,true
1.4301858905143332,0.6990515405929714,0.38872134485510274,1.2612401399812998,250,true
-0.1886094539560706,-0.7677518792474215,0.6069758701941457,1.2123748346342913,235,true
-0.7868055134596217,-1.5629111334386092,0.46188123644030643,1.1761483444976042,244,true
0.43505230322596256,-0.032862214667101514,0.45668047156456343,1.4255874600269005,242,true
1.7444725053113155,1.4984892511751942,0.5640667180444991,1.2602645496968676,241,true
1.4218413797252762,-0.6857506581535112,0.44403862887888856,1.4593552736932955,139,true
0.6129252323526571,2.4632602278586724,0.5711978076147852,1.7651199645733109,133,true
-1.246338263846511,-2.8176784712024596,0.18479182720697251,1.1525989454277639,38,false
-1.9977487960206681,0.024866860090377862,0.4606505690005737,1.9441474967221237,58,false
0.6927242713061303,3.09048405385222,0.34879825480321464,1.8374841806886917,106,true
2.939101287979925,2.1763322084427132,0.36324486077296064,1.3348323394202843,184,true
3.6869004894523094,4.479547887743989,0.508505878539903,1.4210664007110425,231,true
5.1781745049994665,4.950089001415629,0.48873808654094636,1.3571395240080875,199,true
3.633504425144702,1.8710717580200276,0.3106780210687339,1.5515744215586869,231,true
2.2433099270538315,1.5977485335668167,0.46245484015349764,2.127082224508261,229,true
2.020208405839039,1.727625944967449,0.4132669023184428,1.593178886953588,233,true
0.7431409218567393,-0.5121293332431615,0.5240262769374955,1.648239330134995,232,true
-1.3224624111338237,-2.464866989546935,0.5182281535961165,1.5811728570504178,234,true
-3.913700919939301,-3.2444292818899636,0.5446540495942681,1.73520755786825,227,true
-2.172547887400268,-3.6035277668923227,0.3635026359717734,1.1853509826415685,167,true
-2.9530250597370675,-2.6956852169481147,0.38332531895026206,1.3904306698527766,209,true
-0.9004108988694864,-1.6472940614631684,0.3476146075022038,1.2846059171564432,222,true
1.66032868742563,1.5165691919448228,0.3393555352377314,1.9047454336857792,208,true
0.9656585195845423,0.769345095797314,0.5945010274286312,1.542350171542434,142,true
4.084622781143492,3.359846169427946,0.5266501151997344,1.5772691381568333,163,true
4.186446208860936,3.412233887070256,0.5046032053288507,1.625204120554188,110,true
4.513435930090141,0.9499278232818588,0.3837083325177047,1.64817225966624,125,false
5.800650001473454,3.5309837337342596,0.300818090972975,1.4820945036559532,143,true
4.426666841904764,2.727335474402994,0.4236246698017341,1.4967041596415886,235,true
3.1197350448777987,2.6142987420551567,0.6622648432068461,1.4075328093187947,244,true
-0.378389052324847,-1.413683190025366,0.7102817733693646,1.3853244185853095,201,true
-2.0110102284722906,-2.6744893676200423,0.533724676788199,1.5979906897872607,228,true
-2.454526192728495,-2.942247000420098,0.3831321867837693,1.7453518992631178,250,true
-0.7234752017503546,-1.1088157567273669,0.47085048902576326,1.9739240692224471,253,true
0.7150922247859554,0.3999589100047719,0.5392825951214496,1.6898419660687443,211,true
2.9939397051532177,3.7159904043490117,0.5287396947930033,2.0476802434359906,129,true
4.783077566773276,4.6731499631393305,0.20545223648395716,0.9811358340792463,81,false
5.4093360742767596,5.8457284085033425,0.274659050645198,2.1394486341161802,114,true
4.352143238386478,5.817952386131691,0.5592790609188304,1.4682521978818672,181,true
4.046874054299688,3.942303732841221,0.31123919270851275,0.45633517484748154,41,false
3.7478101690550916,1.5675661131100533,0.4241306049604156,1.8679833660834477,239,true
3.339725935804522,2.7078044860430364,0.5561922749869681,1.9689443126352273,247,true
3.121238448339313,1.9707296540260635,0.5847125979836207,1.682997448949772,233,true
1.189287994792077,0.7740476174511869,0.4745237357223077,1.7476505739848875,239,true
0.9715495227733599,0.07679806018694313,0.5315827879727062,1.571218137415409,234,true
-0.18817603474719533,-0.5275526267056547,0.4069590889462021,1.455810172912386,243,true
-1.43164809575302,0.18626620265638974,0.5821677885656708,1.436696384328636,224,true
-1.2925914245851802,-1.2999295141267466,0.4393988043773093,1.7960191309068507,248,true
-1.545401824059259,-4.31135243499175,0.6091194747731972,1.6888752694319868,252,true
1.145106673569492,2.0135772289267964,0.3282273597221911,1.6111753923242798,256,true
2.543935798944569,1.5154547948657706,0.4742707700402206,1.8298995922492556,255,true
3.561427457808535,3.565374402883232,0.46775163507104595,1.485635769604401,253,true
3.3982639188677357,2.9328524562804694,0.46128048047975173,1.4674212412869059,253,true
2.659714923927754,3.1776381102108013,0.5755879856398192,1.8709262182823165,253,true
2.1810193707118084,1.6180365234316898,0.6041417730770947,1.721205562616473,253,true
0.7139312548074599,1.0680276377826157,0.46837791131129275,1.1044266137020766,52,false
0.1964217205232793,1.0752186425387211,0.2408215587394693,0.15097080589055167,22,false
-0.5430312487485253,0.19841186290825075,0.6005300382788609,1.1379868285355859,83,false
0.9442320072493432,2.5316382771818278,0.487072753690527,1.1604161178563484,88,false
1.7044999005647523,2.0920564664294075,0.38596079187954413,0.7918534464848473,97,false
3.909876439548606,3.456791727304468,0.5112115430916616,1.363281939242954,44,false
5.482846172478658,4.603332620231937,0.6806552101899221,1.2811584059005758,176,true
2.287249536909433,0.9719273736119731,0.41719422338314505,2.2291078534890905,223,true
2.727357240495248,2.468172935901139,0.5992143508190577,1.7474621537132164,147,true
2.2620250317607318,2.0998675754740277,0.386041402147492,1.4412402642475373,94,true
0.26918793664484575,1.3617684354502295,0.5075464879447823,1.457844815660574,210,true
2.312804210251162,3.72644841599182,0.6930594265551283,1.6869222145775165,175,true
2.8090205115353415,1.9484200268166978,0.41779242343672984,1.3581327140586181,135,true
2.861141492008402,4.238656764203576,0.08235408330022274,0.8184500680649802,44,false
2.659074142120717,1.027285184316277,0.4630241872595393,1.3245945984935217,215,true
1.7919877887287061,0.8945199976805382,0.5320572136704989,1.1823275290615052,239,true
1.765895203674923,3.2304506051545125,0.5017083529846094,1.9165854510663944,230,true
0.7011487292802224,1.48988579340276,0.5629602948459225,1.3152662603035792,254,true
0.8952010639402315,0.4975199997369478,0.3353585514738063,1.2549354659679521,241,true
0.5840120395903623,0.02277214315776538,0.3026201639942877,0.745971607849453,77,false
0.328331417600124,0.14434244783549294,0.10181877586791188,0.09754759901034049,25,false
1.3476193112733217,0.7752408668972378,0.35297886106090726,1.509514624433993,155,true
1.9064859713622804,5.645810651228492,0.31949734731801904,0.7687168208739045,35,false
2.981214740610193,3.3214321384153287,0.42497225498045443,1.2581731306689177,191,true
3.3613250320224193,6.9781702388060465,0.0,0.0,5,false
1.6595711393188786,3.6697610014194275,0.5580562607693375,1.702088609944967,201,true
0.3129129685266445,0.07479200119312501,0.539749334183074,1.6890914385118927,176,true
1.3221463788089958,0.3871095631271181,0.5263534144903497,0.8403303364181449,43,false
1.1875593296342677,-0.2529424476127342,0.5277436206235245,1.5220640351546684,68,false
1.0309793946794112,0.9037539374448162,0.3157225537640563,0.44355624830682255,99,true
0.5874148718757211,0.7439887158625462,0.47353677353453694,1.6460085674804772,139,true
-0.2689404398466172,1.781534209360936,0.3852849418780754,1.540820154823027,128,true
-1.615981849327579,-1.7953902489447424,0.6313155428038506,1.7579171017829418,198,true
-1.8745875381030075,-1.1667850469719399,0.5458382228122161,1.35312105695971,128,true
-0.2016114782520494,-0.688454327952421,0.17422663268024507,0.7216512097222676,28,false
1.2930313676453609,3.364743652188589,0.29289959742065774,1.9863515334870268,134,true
0.5634230599571177,2.098404129593455,0.49858127408925323,1.5297369462584913,120,true
0.02236789873772995,-0.8382124163138727,0.41843524531436477,1.8906366610843708,250,true
0.9524690722587963,2.1990848558607916,0.516428332359621,1.4307452747988316,184,true
2.290493279679356,3.9863112215827563,0.0,0.0,24,false
0.2167383914928,2.2355102167430814,0.6548626031139994,1.3153080067648597,141,true
1.0358348754390339,3.573741519126546,0.7537000923286792,2.5256595099302093,65,false
-0.22010251214701776,1.6209491595243264,0.10275579111572597,0.8890818917641354,27,false
0.872452523788303,0.44549940545758715,0.3720677484420566,1.3803566333998045,96,false
1.7037458666659442,1.5202085117353763,0.3362761301069668,0.12354495377007879,18,false
0.5784226807604194,0.5222975793557062,0.5353750964608351,1.8990083661595543,245,true
-0.07892579342597593,-0.6273483240754297,0.7165849530675339,1.203581199521984,147,true
-0.5662005045766089,-0.4081259470138653,0.1710544888631489,0.3098730265495533,21,false
-0.9758111701783417,-3.2959603989194184,0.37965593118194285,1.2328505482540912,196,true
1.1272733426164456,2.580151074335671,0.5239266275821859,1.5585405682632651,245,true
-0.3396988052412292,-0.2022917600758075,0.7006605910049816,1.8830690421583522,244,true
-0.42231568072354814,-0.7698172947242528,0.4299841741602387,1.927761672522684,236,true
-0.8897984712337569,1.3646185135268212,0.7262123333158208,1.302800631027699,244,true
-0.8616601206807537,-1.102464928299274,0.5636768202067065,1.5718745505685157,169,true
-1.3924983677909653,-0.1796888108081094,0.5475857031849983,0.648447513834954,40,false
-1.9776948591699546,0.0319668713850865,0.3490211456880992,0.7513876751642085,39,false
-1.2793702021649096,-0.7771994777014211,0.5361512758856929,1.2328346449879917,243,true
0.3372982703844941,0.8348054626659164,0.4385904963309775,1.3783861580340038,238,true
1.34035715714956,2.082328286234845,0.5189050904045057,1.4367529482941868,239,true
4.905651414745107,3.8818566048764467,0.663647029752184,1.187085094843178,217,true
4.100829003309637,5.309068421602645,0.4606936101226317,1.021354274126536,214,true
2.5547896117178253,3.52432111442597,0.5229997755058599,1.1440959353844733,191,true
1.6336009207733,1.0991227617715351,0.5121027738080224,1.3727036742778922,239,true
0.6721022705104476,1.0023457920021834,0.5037197437458758,1.3676809491602853,240,true
1.4255394061640208,2.0383263411684087,0.43703270395199234,1.304583605731523,190,true
1.6330712391548405,1.992291820948333,0.4895977707732134,1.648434373459939,190,true
1.741570367247224,1.6077729424729736,0.4842189879885793,1.5498574250162809,243,true
2.47933447330416,1.9860515953123923,0.7408863891712345,1.3654030594249098,243,true
2.785093971418558,3.493209425770362,0.5541820091277536,1.3961275931679176,242,true
1.7500314532227232,0.7302586806845724,0.5298359023128794,1.3036962417087874,242,true
-0.18789151997845008,-0.06886505343054738,0.7062425574944108,1.375746755594109,243,true
-1.2310149173535305,-3.036465684610121,0.5304839176413341,1.114483007654226,243,true
-1.6157087990639343,-1.2565014621327124,0.49073927993996425,1.0662964796088559,243,true
-1.5510376469914298,-1.947819180453294,0.696745320520703,1.1427065461412997,239,true
-2.794828504900555,-1.2212954527149509,0.2401479070640057,0.22914118236623313,25,false
-2.263012431589617,-1.0582819545634654,0.0,0.0,8,false
-1.6246815409964583,-2.544160888551171,0.663314652379812,1.3043613334463977,49,false
-0.9540425764042182,-1.015280209219756,0.5501020342413964,1.7798722954554793,217,true
-0.515629660365981,0.942797212366744,0.5144773428853213,0.9478465736646394,192,true
1.4171038124730142,2.0722834537444736,0.29476847910276843,1.1386853374374137,237,true
3.5349321377945997,5.079491724523856,0.546224320224801,1.0090096946612666,218,true
7.963377612633554,8.060943179182734,0.420073533804759,0.6572504035328935,58,false
7.629996236631833,6.557360480028175,0.4721773720726661,0.04065317792011146,42,false
5.839163255922513,3.4369930516178555,0.41484279777344124,0.806333056299999,66,false
1.4301216466475377,1.1035063790422583,0.3708397205617189,0.6203860499957246,68,false
0.6761530966347522,-0.5660745087633401,0.5280030947582633,1.3210771973302562,110,true
-1.2272016134781485,0.23587897745055858,0.6420939343604074,1.1905332387797691,209,true
0.7149163400046334,1.997585286929401,0.6104792745429924,1.1900517227836798,183,true
2.4061168339912853,0.025204136050119896,0.10502842279177313,0.7189468067765925,53,false
0.400917109938261,1.446641459605824,1.1022042065852788,1.205519043258042,219,true
-1.9381354126310384,-0.6148560393542895,0.6368810182501617,0.9855100299987788,160,true
-0.2257356977000417,-1.6785953737778034,0.6011027078149475,1.1878482136171256,222,true
-1.6372296088274199,-2.576231514420069,0.8092874530761139,0.9764030674361734,223,true
-1.2671176107056836,-1.7599217610387878,0.6817962685552404,1.240503761928352,217,true
-0.2192514453421411,-0.7262929588602662,0.41132312356530487,0.9300067138396179,130,true
-1.1829601880318101,-0.465240793680912,0.5355707073818907,1.3417429796503486,218,true
-0.925147438769633,-1.441076221606595,0.6808900847226719,1.4512173036695812,215,true
-0.18130864508472702,0.7316360424021122,0.5950195657107971,1.4765033224089437,219,true
4.6628437997098695,4.796235449588058,0.3075080549178882,1.633405906319607,81,false
3.388141708796403,2.9221181428428262,0.7871416793066653,1.2418008887747032,134,true
1.9563279042846622,1.385785309400012,0.7558320387844022,1.4564192914100238,210,true
0.33011370661863204,-2.4732298648637334,0.5760510925719656,1.3759617328185096,179,true
-0.6507053400422147,-1.6767689743196068,0.6086160232867585,1.0355255126105198,143,true
-0.022024339848503917,-0.20510465994735055,0.5328871206296505,1.7790274781489723,92,true
-0.43870616752593394,-0.9500834466066612,0.7938852071612734,1.6516924990845037,132,true
1.0271763749486187,0.4329199600806169,0.5053198793267576,1.3211574080863917,54,false
-0.033022764126250936,-0.4685428152315893,0.4472485121349072,1.2380723185898546,95,true
1.2783820593596347,1.5846752415778345,0.3783797012899103,1.23665663189394,121,true
1.308707894985539,-0.1135131116237123,0.6379826770680292,1.1558793505337701,197,true
1.8576754262593953,0.5708921098047512,0.6265799869294306,1.5464615039290326,226,true
1.3275417480964968,1.6495956280839597,0.47878938413979255,1.086478514207622,230,true
2.1118793555889486,1.2433485445966759,0.7065996480703874,1.0573275897570475,226,true
2.411589549263759,1.6108593432448055,0.6264241564982895,1.2647286910222562,211,true
2.21055017810028,0.9921964410012541,0.663559062544756,1.2353612415419553,233,true
1.0845310158939157,0.5398976384536693,0.5301616715364221,1.5217308659479905,227,true
1.917460663455646,0.5643158511433694,0.6931921383194513,1.7388084612188721,223,true
1.9100568034463887,1.8559764409668706,0.652567308865461,1.333892764050986,148,true
1.962114943075314,1.5192119176690824,0.4720736412552776,1.2564144530767076,143,true
2.6973749673922263,1.1906243493971944,0.45987257317214114,1.2131040822695642,241,true
-2.3812361412230705,-0.8176015857934836,0.45708481969540643,1.258984681716653,124,true
-1.1095269910571814,-0.6393246867809566,0.5315598351174894,1.0354781850790797,220,true
-0.5308609774017561,0.21527595754438844,0.0,0.0,10,false
0.5302846901519879,4.281144789019814,0.4348432746078288,0.37296336600354607,31,false
1.725584641287813,2.9122374061506955,0.8304198743196122,1.057616251332363,149,true
0.6915290530930384,1.5223887793526645,0.5212686797547552,1.2428892300623242,210,true
0.10174778807515548,0.6014057617961602,0.40494871305468766,1.5967129312122734,147,true
-0.8345718715107,-1.2143417031471535,0.5417511551380879,1.1028015096840011,207,true
4.121048628642013,4.845188982679448,0.3548566039292277,1.602563929238273,70,false
1.7726826886723897,1.5759932146620954,0.5117495086224056,1.179775438358954,173,true
2.2539441699816387,-0.11630021125379272,0.5560868600449113,1.0966265235590469,239,true
0.181998399466406,0.5973791133850976,0.6386713867770167,1.2818173511063295,244,true
1.179209126012069,0.9040537120220199,0.6827495262334948,1.3787370841630209,253,true
1.1420149370320303,0.2677404065828781,0.37754068711266114,0.9652414382550798,253,true
0.9351602943092433,-0.03245920892612315,0.4057093683561971,1.0959219441257713,250,true
0.40479688176783496,-1.1067036508140715,0.4094897826061662,0.928646949097154,150,true
-0.9780011918676923,-1.2052212513912894,0.36519962963671015,1.297350996208397,188,true
-0.057824672162944894,0.6712525832390792,0.4926936061362234,0.5107385965795689,42,false
-1.5811482796907317,-2.3677668079715524,0.4698922369521733,1.0074520863762544,169,true
1.8172068091903264,2.3783375722605173,0.13351158165875177,1.4672077801233172,28,false
-1.0166928452558117,0.5375620871268761,0.5536238327151252,1.1623615679345178,247,true
-1.9639738541682756,-2.5625123431189976,0.5056161766680706,1.42813194120976,240,true
-1.220337768655074,-1.6390868384964408,0.44566886442302917,1.2876601594245232,245,true
-1.103096035493812,-0.15997127149127552,0.4615121039334383,1.3932924758459366,252,true
1.654892424715148,3.085635029575694,0.4921555932974942,0.9812272880022076,104,false
0.1502035933943084,1.276450608524987,0.5443403498415401,1.010858299395949,256,true
-1.1340488197631111,-1.4298608677296292,0.22154846445204157,0.5487630606052107,32,false
-0.6062213790515978,1.1954298845351201,0.0,0.0,15,false
0.5023204336468623,0.6525477549010672,0.2501679831978319,0.7665523692845027,59,false
-0.2813842752858252,0.3543258300863347,0.41699646644645444,0.5463096584211536,37,false
-2.5318058036923317,-2.61029635223122,0.46714657228073464,0.7390280820218809,55,false
-1.5447238868137545,0.5962199800908548,0.606234377899979,0.9717381430453564,50,false
-1.9676036230286003,-1.0973244001733797,0.3215678358849625,1.569789609117617,135,true
-0.6886445818957365,0.4371979060206927,0.4347034847151391,1.2531956039324537,175,true
3.042514284701492,3.4163219138369194,0.46612469116749855,1.2406822401082753,250,true
2.589504469843158,2.9056824126637877,0.0,0.0,21,false
-1.0106170380363846,-0.7054531693995046,0.5444804249418589,1.4717963443389153,238,true
-2.541467233349481,-2.138962277784327,0.0,0.0,9,false
-2.8356365365113056,-3.5961919762957115,0.35528017119849326,1.1930535390617696,256,true
0.21101341832387152,0.5175693078867818,0.3478167454970165,0.5914323534345524,81,false
0.09747065812461171,0.7798981319740845,0.3881993478879639,0.9736504044839951,249,true
0.22092685107435386,2.0648793975947664,0.37178100409035353,1.145965147847778,252,true
0.1869750313595567,0.35272791730831854,0.45559493031181947,1.2803437534323494,245,true
1.332471499924027,1.631984076176027,0.46608676855127734,1.1525798297274477,191,true
-0.9571635115549176,-3.137210272838924,0.32727002786224746,0.9622486914924269,186,true
-0.8086615433296092,-1.409857128183251,0.48016037850325793,1.0657808421926587,254,true
-0.682358843541373,-0.6789625316192855,0.359553204012243,1.193203627816804,247,true
-0.8827260204757876,-0.9431965094454362,0.5216283702064005,1.5017194782379986,251,true
-2.0410136281173643,-2.4157220737852234,0.29882000866531594,1.0684763336085576,81,false
-1.2708614385944246,-1.7935791521606312,0.3801707808277493,1.3913013228976678,232,true
2.1746802437275683,2.742793884996841,0.38967799070249093,1.2944604037915128,240,true
3.875041516336463,3.622889692849199,0.2803904560589208,0.787127406991081,72,false
9.7086202727204,9.372389638964876,0.4015923993931192,1.4631698367641346,255,true
2.6162588844882055,0.4043606510032465,0.46383216203171806,1.3041386250783809,177,true
2.0584641511920503,1.271097408834776,0.40810240893529104,1.3608614735169902,242,true
-0.15803847686285188,0.38500490754758654,0.45642217984018313,1.4654321728660813,250,true
0.821451976925162,1.6371753557419442,0.3602855114307441,1.2588081127026474,159,false
-0.7013456047743674,1.375305380273775,0.5688956156962723,1.1734388121103103,254,true
-2.1536574005003035,-1.9285335383040012,0.680713532835857,2.051921918655204,252,true
-2.5535664150962964,-2.840477955072126,0.5279759532647278,1.2226593694760832,254,true
-1.4759641426189472,-0.4181978852361987,0.3862478832292681,1.322274947383972,249,true
0.766225775798329,2.92077631676923,0.397680710014256,1.0691017977287531,225,true
2.2767834722898437,3.7745126283351196,0.3195473535254042,1.1235153700446086,250,true
3.2270017624119127,4.927254322351719,0.39509016351649157,1.2810752552138613,253,true
3.244613893004911,5.308459888613669,0.5082162357974523,1.538979064383996,117,true
1.6943423283005479,0.8844604736652453,0.37505046989467267,1.2999992799380875,187,true
0.9106243147925495,0.23094186379242873,0.4385373736949386,1.1800550847615225,253,true
-1.2810250461930281,-0.3712608896267688,0.6542702403299869,2.094325630089136,226,true
-2.591655280908698,-0.5146198440302332,0.36670819382043085,1.1799710358245656,252,true
-1.8322026531928204,0.9777631839456671,0.5702558368839696,1.1996978458186711,231,true
-1.4616160911132048,0.6729652069061214,0.4027339964872822,1.1844441330898505,236,true
0.5789568223001882,0.49612873691876686,0.38609010936369337,1.5412122647093802,248,true
2.273322336236993,1.8710477410545585,0.40678674696069694,1.214551256455978,165,true
4.426341451048067,5.184911749806146,0.4481761285341236,1.453734616309157,220,true
6.257590186519084,6.0467509853469465,0.47699661258789566,1.1083412810623567,121,true
6.986983806000699,6.29665762774336,0.2939902131983196,0.8655818136622803,68,false
7.810167394767794,6.028213107067988,0.40518156060412835,1.3166829933966557,222,true
6.358119445470811,7.8478115256696395,0.37394175348376957,1.2626963377749627,249,true
5.759506927874157,5.4338743198479715,0.5474259838154758,1.4242069188751976,235,true
4.3434770150356785,4.449972637033626,0.0,0.0,10,false
3.5466566568024365,4.584011381720116,0.3887451143918895,1.6289533990808347,253,true
1.3420662557666887,0.8141000430683776,0.5140846899224273,1.4849254816865922,231,true
-0.7759334730485719,-2.16691209330735,0.37077597657565925,1.366885373142487,252,true
-1.8926868985067709,-0.589666491165258,0.5271508672617063,1.5923128038538066,251,true
-1.17623157579479,0.4983310542963333,0.43185995093754975,1.8681206027998272,254,true
-0.5778123643978357,1.973598225597272,0.44112257697510365,1.3922177266029807,247,true
-0.6065648717074317,0.6798824005508521,0.39698592612309325,1.5738288973777124,237,true
0.2877811938329298,1.5960072888035504,0.432108976023797,1.8445010658386856,206,true
2.13239757266346,3.2035477941969175,0.5399608741477806,2.0675709933391477,254,true
3.6652813149809007,4.93091722501982,0.1880906813203984,0.9571111427448151,42,false
4.335240720594768,4.558545592225012,0.5284473270934129,1.4457319184194566,236,true
6.041765366620411,5.055765275103346,0.31969843804505615,1.482158212151861,234,true
3.427650241032793,3.412531982619061,0.6402117512914313,1.377568530647886,248,true
0.017908750658215705,-0.8690395971703233,0.48524478950436567,1.4388858115491432,227,true
0.15049162725403314,2.950265900886104,0.06379456819485085,0.21058813407205437,27,false
3.956478030166143,5.545831867226578,0.5686688730022751,1.471270349582649,245,true
4.28204573517224,4.431756131634247,0.4566047840897374,1.1427541256741631,253,true
3.904521506983865,2.9406128698633163,0.35752500128484954,1.4023766377688518,250,true
4.20097776656487,4.177828872081195,0.5410181946208831,1.8494263657872376,256,true
4.109132119084414,4.19972146624873,0.4380087860206369,1.5325660063717095,256,true
0.88570391005043,1.3924150509595798,0.5038159961642942,1.6172740273511552,255,true
-1.8543008878772322,-3.0869500675273884,0.5718510466419952,1.6719600497283365,254,true
-4.445717025023177,-2.941301844346734,0.8028466089892294,0.6669984153624648,38,false
-3.949405368088558,-2.338299337882166,0.4887263597405924,0.4616167875417971,26,false
0.6246976667641928,4.526996387602369,0.28299785875185757,0.9496778687453128,66,false
3.965205834986103,4.747009908161554,0.4022280447379442,1.0272050525919694,46,false
5.443816980127174,5.559074966587922,0.722161671421691,1.4659634830245372,202,true
4.806295527845859,4.1057064085193336,0.44737752168563183,1.2274415725049395,193,true
3.8073490548140647,5.0474986720796355,0.34907671018925157,0.635241511918025,28,false
