date,rv_optical,rv_red,Î”rv,red_detrended,num_obs_fit,day_mask
2021-01-01,-1.204024229071604,0.6950033887950777,1.8990276178666816,-0.5441089845820443,183,true
2021-01-02,-0.8933008502864025,-0.2726093423345114,0.6206915079518911,-0.45234381625467834,120,true
2021-01-03,-1.482090284523467,1.003746970510208,2.485837255033675,-0.5874464610367871,183,true
2021-01-04,-2.166183033904527,-0.8612431517734372,1.3049398821310896,-1.405138557322617,198,true
2021-01-05,-1.5680245187998407,0.007554774883866411,1.5755792936837072,-0.809671373222054,118,true
2021-01-06,-1.5541469026637746,1.1947134180736239,2.7488603207373985,-0.2728359620906873,133,true
2021-01-07,-2.1661180711444956,-0.2907467104242914,1.8753713607202043,-1.1529224953640969,138,true
2021-01-08,-2.56042011964169,-0.7704963901847042,1.7899237294569859,-1.6025691279472225,80,false
2021-01-09,-1.9171354831670522,-0.7771685457227324,1.1399669374443198,-1.231988624418551,205,true
2021-01-10,-1.4510765702899535,0.9893824144889471,2.4404589847789007,-0.30997781832708404,200,true
2021-01-11,-1.7115372767190655,-0.8487878731345762,0.8627494035844894,-1.0222155568296327,185,true
2021-01-12,-1.5219074387984037,0.014044649634918457,1.5359520884333222,-0.6836171457487425,187,true
2021-01-15,-2.332279725373362,-0.15774790016099535,2.174531825212367,-1.5832232386850529,213,true
2021-01-16,-1.967396767756288,-0.33460575868756687,1.6327910090687212,-1.1494856031668768,199,true
2021-01-17,-3.1021559676626116,-2.0163336770998455,1.0858222905627661,-2.7954054663192984,190,true
2021-01-23,-0.8940639331664183,-0.3836296819106364,0.5104342512557819,-0.4115076529713545,119,false
2021-01-29,-1.3361326601525618,-0.6944886390434963,0.6416440211090655,-0.7358730426422821,59,false
2021-01-30,-1.62470391723764,0.7104652881260888,2.3351692053637287,-0.6999476561609075,194,true
2021-01-31,-2.1156077299648177,-2.4950697422304717,-0.379462012265654,-2.148619041923807,121,true
2021-02-03,-2.0837604147510174,-1.1213969282875624,0.9623634864634549,-1.7288505955092681,143,true
2021-02-04,-3.024994949047514,-2.242308936470655,0.7826860125768587,-2.623651680572989,186,true
2021-02-05,-2.968837458050222,-1.7669097839398704,1.2019276741103515,-2.2945356086007926,111,true
2021-02-06,-2.9072531528132157,-0.5022109636947383,2.4050421891184772,-1.7629428475113922,218,true
2021-02-08,-1.4626379296115308,-0.4634580246077648,0.999179905003766,-1.0878642551247653,206,true
2021-02-09,-1.8284315320665634,-0.3824946715563922,1.4459368605101712,-1.210222002993062,64,false
2021-02-10,-1.7255746580067068,-0.0077489266374074495,1.7178257313692993,-0.7043611783452381,113,true
2021-02-11,-2.522460282807234,-1.9791055140807585,0.5433547687264757,-2.233404785335288,223,true
2021-02-12,-1.825132557838134,-0.7300408646826163,1.095091693155518,-1.1419150514004204,202,true
2021-02-14,-2.4241580254653323,-1.3365754996360613,1.087582525829271,-1.6673977290883317,203,true
2021-02-17,-2.3297979154274175,-2.7359633194206716,-0.40616540399325407,-2.5314853802887485,22,false
2021-02-18,-2.182575077320881,-0.530332728106986,1.6522423492138953,-1.0509698395747575,214,true
2021-02-20,-1.698574440830757,-0.6712040936349801,1.027370347195777,-0.8088184048932875,195,true
2021-02-21,-0.8726067197827309,0.1844465726041813,1.0570532923869123,-0.5489753437795424,176,true
2021-02-22,-2.21129477401012,-2.420043774261881,-0.2087490002517609,-2.0725589158053306,187,true
2021-02-23,-2.2471084634052896,-0.24097204055365212,2.0061364228516374,-1.187249936415928,121,true
2021-02-24,-1.5821933040710987,-0.6530790919837581,0.9291142120873406,-1.018216982301099,218,true
2021-02-25,-1.7393755417189032,-1.1215564959969722,0.617819045721931,-1.4095988470604794,224,true
2021-02-26,-2.3386012832231864,-0.22030732777530632,2.11829395544788,-1.1946536273523827,109,false
2021-02-27,-2.442881272929612,0.06106734106516504,2.503948613994777,-1.1161341856666294,115,false
2021-03-01,-3.593945409550836,-2.7399511759182658,0.8539942336325703,-3.007477032196184,218,true
2021-03-02,-3.3758225150411976,-2.2872613482114,1.0885611668297974,-2.9086953165527474,166,true
2021-03-03,-1.8944893914306595,0.03780321931181209,1.9322926107424716,-0.9560226925887648,88,false
2021-03-04,-1.356018320980061,-0.41403613971851155,0.9419821812615494,-0.522526963368489,21,false
2021-03-05,-1.7644541582171267,0.30526780882939797,2.0697219670465246,-0.5129624161085413,223,true
2021-03-06,-2.1390542309733815,-1.2328631477233845,0.9061910832499971,-1.3791905265315787,158,true
2021-03-10,-2.2355351235389667,-1.2342320965337645,1.0013030270052021,-1.5022630602520244,226,true
2021-03-11,-1.7792376570906783,-1.152644456462501,0.6265932006281774,-1.2344989709940797,85,false
2021-03-12,-1.4838168121374964,-1.4892479386575532,-0.005431126520056839,-0.8351579252322296,54,false
2021-03-14,-1.4026392269742445,-1.127734865157862,0.27490436181638245,-0.9286614632723951,192,true
2021-03-17,-1.4206181628862595,0.4227314180685117,1.8433495809547713,-0.4547958643693243,169,true
2021-03-20,-2.329951681754863,-0.2314815547741925,2.0984701269806707,-1.3171186913365032,210,true
2021-03-21,-1.8358408854065407,-2.3883699761997956,-0.552529090793255,-1.5596161632144192,25,false
2021-03-22,-1.2316761378199106,1.8017588591320148,3.033434996951925,0.6550787884002085,217,true
2021-03-23,-0.7463269896577467,1.3522153020081658,2.0985422916659124,0.5015668526079602,100,true
2021-03-26,-2.687287564148443,-2.2586132366671143,0.4286743274813287,-2.2326071675155768,116,true
2021-03-27,-2.2081329094679467,-0.8472586812064898,1.3608742282614568,-1.4824737531973002,226,true
2021-03-28,-1.754916115705244,-0.7072950596797118,1.0476210560255321,-1.0937838720113682,223,true
2021-03-30,-2.7429503717397385,-0.23711381305321827,2.50583655868652,-1.196307962429872,213,true
2021-03-31,-3.2719358316298033,-2.573902416880223,0.6980334147495801,-2.909708126433058,222,true
2021-04-01,-1.4816580591660582,-0.03808351351375433,1.443574545652304,-0.7319616204014614,127,true
2021-04-02,-1.4494599303870523,1.0732014912176935,2.522661421604746,-0.3558071713435711,201,true
2021-04-03,-2.036452812149088,-0.2819936025465354,1.7544592096025529,-0.9478018955036798,222,true
2021-04-04,-2.477540695570739,-0.18542373351558455,2.2921169620551547,-1.1338114501336096,218,true
2021-04-13,-2.1242086030610254,-0.3485721669568174,1.775636436104208,-0.8876810302025258,148,true
2021-04-17,-2.2332521106707377,-1.3694700938756177,0.86378201679512,-1.803849979995843,224,true
2021-04-18,-1.642724773298279,0.03853773785891268,1.6812625111571917,-0.8390156586087435,194,true
2021-04-19,-2.2436517219075918,-2.05998047744675,0.1836712444608417,-2.0107406027061048,226,true
2021-04-20,-2.2022363298390495,-2.562371377149412,-0.3601350473103624,-2.0644545654851014,25,false
2021-04-21,-1.3087970700068912,-2.381802359602829,-1.0730052895959377,-1.7843314711250358,171,true
2021-04-22,-0.9744628211564414,-1.5182274001901899,-0.5437645790337484,-0.8114906816215968,47,false
2021-04-23,-1.2919528381182535,-1.4663379843950881,-0.17438514627683466,-1.187005349333462,197,true
2021-04-24,0.6606391119892567,1.42836999282049,0.7677308808312333,1.1844457794626644,176,true
2021-04-25,1.3992481468192202,0.4385913727674912,-0.9606567740517289,1.0805549851608307,94,false
2021-04-28,-1.8247664900585217,-1.3260496480122637,0.498716842046258,-1.303980003008823,27,false
2021-04-29,-2.686494873618549,-1.0719914416283147,1.6145034319902345,-1.9187334973699004,223,true
2021-04-30,-1.8861057531394378,-1.477538198785197,0.40856755435424086,-1.691014286129856,219,true
2021-05-03,-3.1568470841537106,-2.6202515881866315,0.5365954959670791,-2.794883497702717,224,true
2021-05-04,-3.9779871484932805,-2.1221428830538964,1.855844265439384,-2.9336735708571764,213,true
2021-05-06,-3.1723421076042544,-2.676695020386496,0.4956470872177583,-2.551674323231464,197,true
2021-05-07,-2.933319377393987,-1.0979899306239735,1.8353294467700136,-2.018321005402884,225,true
2021-05-10,-2.2228016198616123,-0.6753778163694457,1.5474238034921666,-1.4365580257126105,205,true
2021-05-11,-2.495550918601088,-1.4905091627955662,1.0050417558055216,-1.6342607391995827,190,true
2021-05-12,-1.7834612675620733,-0.4800409884406773,1.303420279121396,-1.1520589320327674,209,true
2021-05-13,-2.4942378963160925,-0.29517385960340764,2.199064036712685,-1.3329933495777193,124,true
2021-05-14,-1.976689164904143,-0.730719094775352,1.245970070128791,-1.363025514639303,192,true
2021-05-16,-2.790761292510773,-2.054418258361739,0.736343034149034,-2.3349501621919257,218,true
2021-05-17,-2.6806314058051415,-2.960657582721029,-0.2800261769158876,-2.7021117668710164,218,true
2021-05-19,-2.7527508316170266,-1.962678597391172,0.7900722342258546,-2.009410076048155,212,true
2021-05-20,-1.4066989597921462,-0.9334689843647785,0.47322997542736767,-1.0535415525300549,94,true
2021-05-21,-0.8078222852713572,-0.9063070360576986,-0.09848475078634134,-0.6465437161128853,210,true
2021-05-22,-1.3803739356077789,-0.9964045945891437,0.3839693410186352,-1.1405074792012793,212,true
2021-05-26,-1.4326759909359692,-1.4502610836599328,-0.01758509272396358,-1.5568867808734996,88,false
2021-05-27,-1.9654557261129735,-3.2658975484973265,-1.300441822384353,-2.8078784227471547,203,true
2021-05-28,-1.7704345113043005,-0.04896833659429889,1.7214661747100015,-0.9124311305671376,193,true
2021-05-29,-2.91276862717286,-2.943653826724047,-0.030885199551186737,-2.7017989393067996,203,true
2021-05-30,-3.8601591144124665,-3.914668288945285,-0.05450917453281834,-3.8116294019022994,192,true
2021-05-31,-2.4134067015606853,-0.9848094941946332,1.4285972073660522,-1.6658993384505172,198,true
2021-06-01,-2.4523784546251606,-0.49448051367844215,1.9578979409467183,-1.507851824863201,150,true
2021-06-02,-1.838627238483396,-2.0682280543025433,-0.22960081581914737,-1.9781065940463605,183,true
2021-06-03,-2.469424390749352,-1.9864436083567583,0.4829807823925938,-2.3331444499823015,188,true
2021-06-04,-0.8196504116030294,0.3324098855271732,1.1520602971302027,-0.34607414451641016,78,false
2021-06-05,-0.456242985382546,1.1221999168683234,1.5784429022508695,0.20790022162505845,197,true
2021-06-06,-0.711473253115238,-0.5225059243779037,0.18896732873733435,-0.7031173660373919,127,true
2021-06-08,-2.7395406650002907,-1.342291953262487,1.3972487117378036,-1.8318725665467466,101,false
2021-06-09,-2.7470077189850683,-0.6100973240108456,2.1369103949742225,-1.7860615214705744,68,false
2021-06-10,-2.8939910330646805,-3.446350090094952,-0.5523590570302717,-3.1406706261893405,144,true
2021-06-11,-2.8158762487788014,-2.4111193399359676,0.4047569088428338,-2.509718137185152,194,true
2021-06-12,-2.694016573419759,-0.9527765824250392,1.74123999099472,-1.9655049274513297,186,true
2021-06-13,-1.782703857858773,-1.473397606962616,0.30930625089615704,-1.8329806482693047,177,true
2021-06-14,-2.2600312772922533,0.8863407850358664,3.14637206232812,-0.7206768571535569,67,false
2021-06-15,-0.8137095454751231,1.7124015481163681,2.526111093591491,0.36717003626828126,13,false
2021-06-16,-1.3298961876563942,-1.4655633847206224,-0.13566719706422825,-1.2169508565117273,85,false
2021-06-17,-1.3635233665322686,-1.2332494376269025,0.13027392890536604,-1.0393049793943292,107,true
2021-06-18,-1.3159897865867887,-1.7287514674418731,-0.41276168085508447,-1.6035828753497205,131,true
2021-06-19,-1.8708676681203276,-3.215201664766048,-1.3443339966457204,-2.5759437464724044,109,false
2021-06-20,-1.0678718567504186,1.1837032731074946,2.251575129857913,0.010170433605749762,157,false
2021-06-21,-2.205629188462984,-2.366491660914336,-0.1608624724513521,-2.441233595567012,189,true
2021-06-24,-2.959181749817313,-2.98935792601385,-0.030176176196536897,-3.075169830193949,48,false
2021-06-25,-2.3202306764923852,-2.6934940862174575,-0.3732634097250722,-2.538430149968039,147,true
2021-06-26,-1.9147848014900073,-0.9866374007167997,0.9281474007732076,-1.6985283208731836,60,false
2021-06-27,-1.1126549462497448,-3.1489646784860748,-2.03630973223633,-1.7464633743889177,168,true
2021-06-30,0.7194950867456212,-1.0421424724680217,-1.7616375592136428,-0.2287788108984139,62,false
2021-07-01,0.10751563645533371,-0.0055392376115177,-0.11305487406685141,0.17847321667755517,48,false
2021-07-10,-2.330225371762507,-2.559961884577958,-0.22973651281545093,-2.0554975079933837,188,true
2021-07-11,-2.262032523789452,-1.944419193979423,0.31761332981002877,-1.9999958047391615,144,true
2021-07-18,-2.972312268563543,-1.8588894053810865,1.1134228631824565,-2.946246280425481,22,false
2021-07-28,-0.7447983431609848,-1.4515183415555266,-0.7067199983945418,-1.573341357775968,206,true
2021-07-29,-0.8144163856200145,-3.3397657673790873,-2.5253493817590726,-2.0467462785313475,50,false
2021-07-30,-0.6381793157898464,-2.8198792898550207,-2.1816999740651744,-1.9632462760023066,59,false
2021-07-31,-1.7131801043361037,-1.1119229934881634,0.6012571108479403,-1.9632433113717687,26,false
2021-08-02,-2.4309096891997495,-1.7428225360272673,0.6880871531724821,-2.724595606114103,178,true
2021-08-07,-2.6400090151505275,-1.838231352779356,0.8017776623711717,-2.61985071185359,90,false
2021-08-13,-1.3446200063530105,1.9361424814905144,3.280762487843525,-0.8291811823558487,13,false
2021-08-16,-0.9565007260768867,-1.6446095159279737,-0.6881087898510869,-2.0365629257476328,27,false
2021-08-21,-0.5884326303832356,0.20532817120149682,0.7937608015847324,-0.5025728381852693,153,true
2021-08-22,-0.9676946618910396,-0.014982861694825655,0.9527118001962139,-0.5952382513284882,219,true
2021-08-23,-0.8353097463480914,-2.2581636997251024,-1.422853953377011,-1.715555387612718,227,true
2021-08-24,-1.6041562681711203,-0.2489932058754463,1.355163062295674,-1.232670697070208,239,true
2021-08-25,-0.38548228897590153,-0.2096905198280028,0.17579176914789874,-0.7870613201833196,222,true
2021-08-26,-0.13914626549428738,-0.5376848406184378,-0.3985385751241504,-0.5302512757615323,196,true
2021-08-27,0.659646589336133,0.739070346784414,0.07942375744828101,0.41156805176361694,113,true
2021-08-29,-1.7061705063047354,-1.2705374510630632,0.4356330552416723,-1.9383897365993867,178,true
2021-09-04,-0.2234552647786379,-0.7956916871929656,-0.5722364224143277,-0.7232113611942615,161,true
2021-09-16,-1.9425988005936266,-2.217345505876845,-0.27474670528321865,-2.2973330387944104,113,false
2021-09-17,-1.6190308000061657,-2.0957423377873967,-0.476711537781231,-2.6830739316780976,51,false
2021-09-19,-2.238023435289786,-2.9940519824973935,-0.7560285472076074,-2.5763201031118506,56,false
2021-09-20,-1.5992819938461638,-1.5104241682612174,0.08885782558494637,-1.825714592776522,243,true
2021-09-21,-0.6418005167411036,-0.8504504779453842,-0.2086499612042806,-1.0844213101157774,227,true
2021-09-22,-0.7751657248532388,-2.1499544551486958,-1.3747887302954571,-1.2974523497787238,51,false
2021-09-23,-1.0592321983430595,0.005905872955317415,1.065138071298377,-0.7933589232688705,78,false
2021-09-24,-0.48824378066945856,-0.17749943579235253,0.310744344877106,-0.5790442191127878,29,false
2021-09-25,-0.4038356886060888,-1.5217138818359812,-1.1178781932298925,-1.4452820123089507,64,false
2021-09-28,-1.1098510028294102,-2.153565692533019,-1.0437146897036087,-1.6225922803112147,220,true
2021-09-29,0.07378338747376725,-1.677526765919882,-1.7513101533936493,-1.2538212627399543,80,false
2021-09-30,-0.6338034536632473,-0.7457271806903334,-0.11192372702708608,-1.249439560087475,95,false
2021-10-01,-0.43764545303866,0.02553570657683335,0.46318115961549333,-0.35227932293446607,72,false
2021-10-28,-0.3815087714383458,-0.6415537261069364,-0.2600449546685906,-0.7709934447488768,235,true
2021-10-29,0.9005663047635185,1.0906855459636158,0.19011924120009727,0.7324477371774345,239,true
2021-10-30,1.2223708591965607,2.2311828008180092,1.0088119416214485,1.4879004519148564,238,true
2021-10-31,0.21953355359753762,-1.1005395898414854,-1.320073143439023,-0.7399551607953718,239,true
2021-11-01,0.10450163048935386,-0.5175362362800628,-0.6220378667694167,-0.3034465070592794,110,true
2021-11-02,-0.5142963590412817,-2.3390773151783355,-1.8247809561370538,-1.8444229345420329,141,true
2021-11-03,-1.1865429597641515,-1.8967947322484011,-0.7102517724842496,-1.5909264886333638,238,true
2021-11-04,-1.4449272539496822,-0.14331804499378048,1.3016092089559017,-1.392700785575014,221,true
2021-11-05,-1.145787796877816,0.11383320345613442,1.2596210003339505,-0.9310990398225,153,true
2021-11-06,-1.2762811638923504,-0.5314565581526578,0.7448246057396926,-1.2746182046509387,243,true
2021-11-07,-1.8523479552385336,-2.177336069181748,-0.32498811394321425,-2.484615199307307,123,true
2021-11-08,-0.3560818131719674,0.019281417987473598,0.37536323115944104,-0.23006076137882603,188,true
2021-11-09,-0.6941452538140324,-1.052815640800483,-0.3586703869864506,-1.1159861486529812,155,true
2021-11-10,-1.1132263559013509,-0.7902125370462836,0.3230138188550673,-1.1463760920701913,243,true
2021-11-11,-0.8060446695157242,-1.5939553480884936,-0.7879106785727694,-1.365195249424683,241,true
2021-11-12,-0.3721064538735599,-0.30043648730234207,0.07166996657121782,-0.5883302492895448,238,true
2021-11-13,-2.0413002624023466,-2.6707554158677684,-0.6294551534654218,-2.5501357539889806,243,true
2021-11-14,-2.83113416321427,-3.4547125856319942,-0.6235784224177241,-3.5034837682353084,238,true
2021-11-15,-3.508133686493538,-2.297286063094349,1.210847623399189,-3.1738231323486836,205,true
2021-11-16,-1.565674886446414,-2.2599626104972073,-0.6942877240507932,-2.255962603298356,56,false
2021-11-18,-1.1725544485927617,-1.9417896980017304,-0.7692352494089687,-1.566676732486457,210,true
2021-11-19,-0.9658997638140185,-0.30625733759952734,0.6596424262144912,-0.826901268502455,166,true
2021-11-20,-0.1232071298104074,-1.2969561903061446,-1.1737490604957372,-0.8130515795778072,12,false
2021-11-22,-2.038178776935723,-1.952796219070638,0.08538255786508508,-1.8763285330932598,16,false
2021-11-23,-1.7186084487036304,0.9319588955660363,2.6505673442696667,-0.918182641196078,6,false
2021-11-24,0.10691531331491681,0.03849077878909468,-0.06842453452582213,-0.4416218797516291,52,false
2021-11-25,-2.531689390420654,-1.6863115472324584,0.8453778431881958,-2.0783898450551104,60,false
2021-11-26,-0.5513981504835868,-1.5582136800516215,-1.0068155295680348,-1.295608292702104,232,true
2021-11-27,-0.7608726677352009,-1.3895384588861115,-0.6286657911509106,-1.4724685741506245,232,true
2021-11-28,-2.98630807611394,-4.184060137541087,-1.1977520614271469,-3.8202333813225597,231,true
2021-11-29,-2.13565258939821,-2.1233969972745617,0.012255592123648462,-2.751197835785134,231,true
2021-11-30,-2.2659746487183514,-3.529789565314163,-1.2638149165958117,-3.1196956203317114,194,true
2021-12-01,-1.8060229959491645,-2.5269862805287806,-0.7209632845796161,-2.590585860144755,85,false
2021-12-02,-1.8698448889032047,-1.4352825756841754,0.4345623132190293,-1.8855827296710304,185,true
2021-12-03,-0.7695672802798927,-0.3708697801888893,0.39869750009100346,-0.6150305452607223,230,true
2021-12-04,-0.5206056252861283,-1.6061301053809598,-1.0855244800948314,-1.4881065191459983,35,false
2021-12-05,-1.5899424568211176,-0.96398274650361,0.6259597103175075,-1.5912448643924206,223,true
2021-12-06,-2.195511921771277,-1.6410574991731313,0.5544544225981456,-2.2397212101043706,211,true
2021-12-09,-1.2014839481140642,-1.187390928369616,0.01409301974444821,-1.6428232805984946,21,false
2021-12-10,-0.8366711339079083,-1.463610617978337,-0.6269394840704288,-1.088565617381212,146,true
2021-12-11,-1.6202685102489411,-1.7432089217704498,-0.1229404115215087,-1.7736508255019245,221,true
2021-12-12,-2.0579913243406893,-0.7971450042695587,1.2608463200711306,-1.4900816576125449,217,true
2021-12-13,-0.10374472372534467,0.09586120332176651,0.19960592704711116,-0.12084042263361788,62,false
2021-12-16,1.4501800667273699,0.8321727320266564,-0.6180073347007135,0.9771548209099347,216,true
2021-12-17,2.602999563068762,1.9048862399170825,-0.6981133231516794,2.0746386032954662,68,false
2021-12-19,1.7391648273450289,1.5419062954279839,-0.197258531917045,1.2360137593792704,191,true
2021-12-20,0.6650229483336632,0.8410235650706264,0.1760006167369632,0.6891249224067098,190,true
2021-12-23,0.04420652633495118,-1.0113429513640546,-1.0555494776990058,-0.5530366860530118,165,true
2021-12-26,0.247870125845484,0.29132408809293486,0.04345396224745085,-0.0276519408462369,22,false
2022-01-01,-2.947331000888299,-3.1265057554648075,-0.17917475457650855,-3.0529277153914975,160,true
2022-01-02,-1.8879575638067856,-1.274030236465105,0.6139273273416805,-1.941455546014211,222,true
2022-01-03,-2.38387585019143,-1.9688814152435123,0.41499443494791755,-2.5064763451840535,65,false
2022-01-04,-1.422124640461211,-0.39586632772667274,1.0262583127345382,-1.0412426447376948,221,true
2022-01-05,-0.9791309397978079,0.14247732158695584,1.1216082613847638,-0.7851947510935731,222,true
2022-01-06,0.07635242778479337,1.8643073902916816,1.7879549625068882,0.7184975768000924,64,false
2022-01-07,-0.3641634274537999,0.637977570342481,1.002140997796281,-0.010234303881530238,227,true
2022-01-09,-1.437244351161852,-0.34619698208204663,1.0910473690798055,-1.2520640612914842,98,true
2022-01-10,-1.0932180261150382,-1.5594412926688066,-0.46622326655376845,-1.424805914912497,166,true
2022-01-13,-0.8338643957329588,0.4633434128263561,1.2972078085593148,-0.4784130239475898,36,false
2022-01-14,0.9899466188514866,-0.5603750120514672,-1.5503216309029537,-0.07309818602951978,31,false
2022-01-16,-0.3904958202590028,0.7804077625868059,1.1709035828458088,0.08007855766230793,68,false
2022-01-17,-0.6505157720318369,1.1154008698525342,1.765916641884371,-0.11284024248398561,179,true
2022-01-19,-0.4524866294721676,-0.21240564424406677,0.24008098522810084,-0.48200886574292334,32,false
2022-01-20,-1.3917671468867658,-3.6676869243809893,-2.2759197774942237,-2.5350521627788174,225,true
2022-01-21,-1.052244754844129,-0.7484916620352933,0.30375309280883567,-1.0606531478989452,228,true
2022-01-23,0.4348415340121793,0.940914042225553,0.5060725082133737,0.3979088922861649,101,false
2022-01-24,-0.8994787077876643,-0.923861842435076,-0.02438313464741171,-1.0658519195791607,228,true
2022-01-25,-0.24469359129225887,2.0963920766409463,2.3410856679332053,0.875945275862945,112,true
2022-01-27,-1.6156193313262954,-2.0826823620927706,-0.46706303076647515,-1.9558410350773012,222,true
2022-01-29,-0.048742463996544895,-0.6922843725331704,-0.6435419085366255,-0.572477140781705,215,true
2022-01-30,-0.9063951245885051,-1.1018290107512636,-0.19543388616275847,-1.1752653245659777,250,true
2022-01-31,-0.9360266681218766,-0.6482427910843289,0.2877838770375477,-1.0521826143018487,86,false
2022-02-02,-0.06333233944040434,0.6710872941921104,0.7344196336325148,0.1235319952838187,130,false
2022-02-03,0.8778518341646012,1.0452501306710078,0.16739829650640659,0.6869758870394167,254,true
2022-02-04,2.078627576119482,1.5698449497274054,-0.5087826263920765,1.5035270167794668,253,true
2022-02-05,1.0003068408946825,-0.6375027597027365,-1.637809600597419,0.15504443359964126,207,true
2022-02-06,1.6538919616885037,1.37034799484007,-0.28354396684843364,1.4127915590754485,250,true
2022-02-07,0.5612209752112816,0.1652732777911751,-0.3959476974201065,0.22315447502233027,178,true
2022-02-08,0.5325756208146265,-2.199694299817443,-2.7322699206320693,-0.9759789209321997,235,true
2022-02-09,-0.045577772035242735,-1.2462448716463375,-1.2006670996110946,-0.6456712039136056,253,true
2022-02-10,0.6690866905815428,-2.644747184698994,-3.3138338752805367,-1.0497183906183372,243,true
2022-02-11,-0.20240859981769707,0.15961971054093854,0.3620283103586356,-0.315562575055093,243,true
2022-02-12,-0.1850847948195336,0.46833286537287916,0.6534176601924128,-0.2654321046003091,235,true
2022-02-13,-1.8052774926844095,-2.3537392759562614,-0.5484617832718519,-2.3414811668068385,248,true
2022-02-14,-1.2575151639102093,-1.5810158517754482,-0.3235006878652389,-1.5892522512988845,243,true
2022-02-15,-0.5409281796462394,-0.8683941974137581,-0.3274660177675187,-0.8487149413381394,183,true
2022-02-17,-0.44675385110345467,0.10233961353116477,0.5490934646346195,-0.1524583485385596,110,false
2022-02-18,-1.3601736871602677,-2.482879438969621,-1.1227057518093535,-2.101776287392043,243,true
2022-02-19,-1.2006850398808975,-1.6007968092755482,-0.40011176939465076,-1.6426481944137645,252,true
2022-02-20,-1.1710060989029891,-2.6986503663527763,-1.5276442674497872,-2.1719922730628793,60,false
2022-02-21,-0.6780539373688225,-1.3281204660952528,-0.6500665287264303,-1.4142707238938679,82,false
2022-02-22,-2.041452165347963,-3.096565530734287,-1.0551133653863243,-2.60475896775968,245,true
2022-02-24,-3.1485308479463194,-3.8070533360619567,-0.6585224881156373,-3.4490985364551308,53,false
2022-02-25,-2.1237097453112885,-3.5630638075637955,-1.439354062252507,-2.969858375161991,225,true
2022-02-26,-2.128613083764939,-3.298506224604035,-1.169893140839096,-2.9690614057536666,254,true
2022-03-01,-2.163443079515809,-2.7768342753279107,-0.6133911958121017,-2.5156718659023394,254,true
2022-03-02,-0.3596880566514186,-2.0696209348939236,-1.709932878242505,-1.405824621663529,160,true
2022-03-03,0.5898523374497829,-0.5204542975862781,-1.110306635036061,-0.3172344438393726,132,true
2022-03-04,1.2513494618400727,1.343820235179384,0.09247077333931131,0.9845301735014567,95,true
2022-03-05,0.7237386812027603,0.6898176326106717,-0.033921048592088554,0.5316045466122297,244,true
2022-03-06,1.7573930421050388,0.6494346756640326,-1.1079583664410062,1.017751622054607,243,true
2022-03-10,-1.099960217969096,-2.0408438556616577,-0.9408836376925618,-2.0065866395280914,249,true
2022-03-11,-0.7947802062992246,0.10643756933472506,0.9012177756339497,-0.5502992716119814,254,true
2022-03-12,0.06519608220204257,-1.7774186607600113,-1.8426147429620539,-1.1317180621123366,172,true
2022-03-13,-0.2730720405676295,-2.505644342409534,-2.232572301841904,-1.4994647768606775,242,true
2022-03-14,-0.3994503621530793,-1.321656653140261,-0.9222062909871817,-0.9774829205394113,131,true
2022-03-15,-0.4397436979935767,-3.320161372964088,-2.8804176749705115,-1.9712839789925347,215,true
2022-03-16,-3.0430520618789707,-3.5336020962551102,-0.49055003437613953,-3.4884827145330415,248,true
2022-03-17,-1.9306686879575237,-3.2457050891309063,-1.3150364011733826,-2.6064666470303117,244,true
2022-03-18,-3.1188498508404696,-4.842445664124171,-1.7235958132837017,-3.9512423806576895,254,true
2022-03-20,-1.8431292492303326,-2.474057606673921,-0.6309283574435884,-2.4462745222085447,83,true
2022-03-21,-2.9084204130708886,-2.739236631238665,0.1691837818322237,-2.9531444042633863,251,true
2022-03-22,-2.963395463398491,-3.3659177400886224,-0.4025222766901315,-3.342695035172297,214,true
2022-03-23,-1.765205346648104,-2.4432733527314117,-0.6780680060833078,-2.2044360604413553,253,true
2022-03-24,-1.1499009201803392,-2.2692870909646876,-1.1193861707843484,-1.7301931313177268,251,true
2022-03-30,0.6085881386230736,0.922640062332249,0.31405192370917545,0.2194062927851853,185,true
2022-03-31,1.2332519810699814,1.4048819059508362,0.17162992488085482,0.7558597171599389,98,true
2022-04-01,2.4279300312610554,2.363600278031338,-0.06432975322971757,2.072336208795247,245,true
2022-04-02,2.078431572783957,1.0874516116403177,-0.9909799611436392,1.3068061872408203,251,true
2022-04-03,1.4363831990639466,0.7431385540469955,-0.6932446450169512,1.0239273467243164,202,true
2022-04-04,-0.22233263880463233,0.11489433617437045,0.3372269749790028,-0.3437211515560645,190,true
2022-04-06,-0.7233918168474737,-0.33191590134450444,0.39147591550296923,-0.8170391667292611,250,true
2022-04-07,-0.26809329334394955,-0.8277996125427157,-0.5597063191987661,-0.7924309549031094,240,true
2022-04-08,0.26653547403148453,-1.1927519128384687,-1.4592873868699532,-0.46127119276675693,241,true
2022-04-09,-0.1209281082881226,-1.469690281762467,-1.3487621734743445,-0.759914599449752,138,true
2022-04-10,0.1947617219230705,-0.9370416107227385,-1.131803332645809,-0.3514600423305808,191,true
2022-04-11,-0.7690303857127097,-1.6485247466992614,-0.8794943609865518,-0.99469594330038,253,true
2022-04-12,-1.93558950281958,-0.4726524238448846,1.4629370789746954,-1.5245780886508014,93,false
2022-04-13,-1.1037052509088205,-1.684902459797213,-0.5811972088883925,-1.4410791276078236,241,true
2022-04-14,-0.7812478872561159,-1.364616006397295,-0.583368119141179,-1.141075533124666,251,true
2022-04-16,-2.4695299777537256,-2.180729756628927,0.28880022112479864,-2.59102937766625,195,true
2022-04-17,-1.8460177507810713,-2.6204949661268166,-0.7744772153457453,-2.201924849342415,253,true
2022-04-18,-1.1632048729822495,-0.8808532637919946,0.2823516091902549,-1.049442405944309,230,true
2022-04-20,1.9835838106632613,1.5231256764942671,-0.46045813416899417,1.908579688328433,250,true
2022-04-21,3.4511606235433603,2.652382683258187,-0.7987779402851731,2.9826075964406025,250,true
2022-04-22,4.317649834926071,2.583829323225058,-1.7338205117010128,3.4089555881916835,239,true
2022-04-23,2.687764774780448,0.8167699757412106,-1.8709947990392373,1.8170817835612167,249,true
2022-04-24,1.0536556736469807,-0.01777534499209306,-1.0714310186390736,0.4131994452433879,212,true
2022-04-25,0.029587087576980614,-0.8535672519661753,-0.8831543395431559,-0.15656340834168117,236,true
2022-04-26,0.8452718933351402,1.7063384649249025,0.8610665715897623,1.2940454661973901,46,false
2022-04-27,-0.033554999377162664,-3.0531391751404993,-3.0195841757633364,-1.7826572405195145,250,true
2022-04-28,0.9011086052567564,-1.8382844630472435,-2.739393068304,-0.26599611048750804,242,true
2022-04-29,1.0600095633020805,-0.8326175082167553,-1.8926270715188358,-0.014111722311425545,253,true
2022-04-30,1.558476850157002,0.8169303931742828,-0.7415464569827193,1.26841936177621,139,true
2022-05-01,1.674157122631175,0.19037414446399595,-1.4837829781671792,0.8077382147829941,252,true
2022-05-02,0.01927127189597299,-1.1443577445163966,-1.1636290164123695,-0.6543456445373446,253,true
2022-05-13,-0.6963760144892064,-0.12380171710974466,0.5725742973794617,-0.37822168003605866,186,true
2022-05-14,-0.3758642345470543,-0.9041273619967934,-0.5282631274497391,-0.4210559157717103,246,true
2022-05-15,-0.1934011568571091,-2.1713631333361554,-1.9779619764790464,-0.9661588121252083,233,true
2022-05-16,1.855344277169155,2.0025707134516573,0.1472264362825022,2.120894720228021,241,true
2022-05-17,4.318287190534946,2.374141018440502,-1.944146172094444,3.397214860443498,214,true
2022-05-18,5.506854894079473,2.292994251084475,-3.213860642994998,3.9983065994995286,241,true
2022-05-19,5.597071865338014,3.5167085239651037,-2.0803633413729106,4.5728097343473255,241,true
2022-05-20,4.433905123755603,2.466546445845835,-1.9673586779097683,3.817210255049189,238,true
2022-05-21,3.3525629985430605,1.6995274419546422,-1.6530355565884183,2.7684798668506345,221,true
2022-05-22,1.5502300738246368,-1.5996655912962288,-3.149895665120866,-0.4007084440495332,149,true
2022-05-23,-0.021915646030494534,-1.046756914287268,-1.0248412682567734,-0.5036914765548026,220,true
2022-05-24,-0.27852625722333857,-2.305522945081582,-2.0269966878582437,-1.189824060850734,207,true
2022-05-25,-0.3405088242737616,-3.175476532669118,-2.8349677083953564,-1.4990629330459058,234,true
2022-05-26,-0.15596411336231983,-1.442473251468024,-1.2865091381057043,-0.8976582761377814,214,true
2022-05-27,0.7032420002499669,0.10804114950078408,-0.5952008507491828,0.3286816381897263,234,true
2022-05-28,0.8465691927333034,0.15543041967579269,-0.6911387730575107,0.640242566645836,96,false
2022-05-29,-0.3632268031563026,-1.1464905279911275,-0.7832637248348249,-0.5096696225667856,224,true
2022-05-30,-0.33093165851947376,-1.4740103671301803,-1.1430787086107066,-0.6300658870458046,227,true
2022-05-31,-0.9313814422042671,-0.9078680284195746,0.023513413784692516,-0.7235126600692984,218,true
2022-06-01,-1.1066836853105146,-1.1482834155153578,-0.0415997302048432,-1.0934105008526256,217,true
2022-06-02,-1.8095563976918154,-2.369604222129097,-0.5600478244372817,-2.034543342040589,153,true
2022-06-03,-1.73634632991891,-1.84450094985695,-0.1081546199380401,-1.7151698595640588,226,true
2022-06-04,-1.8578493170762493,-2.9804599039341695,-1.1226105868579201,-2.348120064337841,161,true
2022-06-05,-2.154153081402559,-2.2645504718670204,-0.11039739046446151,-2.1964154361073986,171,true
2022-06-06,-1.4510030323843846,-3.346816011618644,-1.8958129792342593,-2.45652233803097,225,true
2022-06-07,-2.187696324253127,-1.0647206889566383,1.1229756352964886,-1.8075707682123843,103,false
2022-06-08,-1.8250485985408766,-0.3025494395670531,1.5224991589738235,-1.2323222099296274,100,true
2022-06-09,0.21725787586470868,1.5716207408191407,1.3543628649544321,0.6664426203422278,118,true
2022-06-11,0.5111050161788181,-1.0759422513927046,-1.5870472675715228,0.720846883909502,5,false
2022-12-01,-0.5032191581254668,0.00664412043680207,0.5098632785622689,-0.0482312260994332,44,false
2022-12-05,2.8677753173338982,0.903409261116255,-1.9643660562176433,1.9445365919427142,128,true
2022-12-06,2.4944312499720374,4.424960320987998,1.930529071015961,3.5382368065542877,139,true
2022-12-07,3.405406331659621,5.160186839353257,1.7547805076936358,4.077621119256379,149,true
2022-12-08,1.7652394777266156,2.8904422147624156,1.1252027370358,2.1771804565648734,171,true
2022-12-09,-0.341432674991003,-0.7175941673696773,-0.3761614923786743,-0.5067609669611084,215,true
2022-12-10,-0.2901409200286851,-1.18949112232797,-0.899350202299285,-0.5518899530933903,222,true
2022-12-11,-0.5929916730271922,-2.1694460459444267,-1.5764543729172344,-1.3362356737658236,102,false
2022-12-13,2.081066299560073,2.013966271128156,-0.0671000284319172,2.3898092916999123,30,false
2022-12-14,1.2371210744638872,-0.5225251893797205,-1.7596462638436077,0.30763580297607185,112,true
2022-12-15,0.3481208235930398,-0.493016576666485,-0.8411374002595249,0.1693657898924813,218,true
2022-12-16,0.7376753085756657,-0.23089356347971218,-0.9685688720553778,0.2688970183433776,148,true
2022-12-17,-0.8487574882263876,0.16667809329898692,1.0154355815253746,-0.15385212787617242,114,true
2022-12-19,-0.4800725868207184,-0.4734170849681484,0.006655501852570023,-0.17911491215209452,217,true
2022-12-21,0.7624777242631979,1.923933743611601,1.1614560193484031,1.5967937068301827,204,true
2022-12-23,1.7345268864242145,2.727483077941688,0.9929561915174736,2.2389218785524676,218,true
2022-12-25,0.16889577969682182,-1.0667823236623335,-1.2356781033591553,-0.4704152754657279,134,true
2022-12-26,-2.408019856760494,-0.978610974244496,1.429408882515998,-1.7267073331613538,184,true
2023-01-03,1.9607505547503443,1.9197068307587648,-0.04104372399157952,2.3579722978549658,152,true
2023-01-04,1.92003437700695,1.836473298857542,-0.08356107814940783,2.115486231029201,200,true
2023-01-07,2.141891699566058,2.3305540368441138,0.1886623372780556,2.3390188234249467,210,true
2023-01-09,2.4029671434041444,1.7136517559561446,-0.6893153874479998,2.190867050061133,123,true
2023-01-10,1.3057503603793699,1.6204490956836308,0.31469873530426096,1.3488309835743604,43,false
2023-01-11,2.5345714210628203,0.9559123821821678,-1.5786590388806525,1.8494026168343716,32,false
2023-01-13,2.311846887952835,2.2636345798122686,-0.04821230814056632,2.3445818968710572,84,false
2023-01-19,5.748009701225637,4.184955804812999,-1.5630538964126384,5.119036183573145,234,true
2023-01-20,3.1945918287095036,3.1438546717612126,-0.05073715694829106,3.051910626578976,236,true
2023-01-21,0.6663815964474574,1.0932368429793913,0.42685524653193385,0.558528568253494,231,true
2023-01-22,0.42575468910991804,0.14018448886143875,-0.2855702002484793,-0.027313339375018397,198,true
2023-01-23,0.5143697023677903,-0.6020060351270289,-1.116375737494819,0.3719534789348547,106,true
2023-01-24,-0.7465468709924415,-0.290788700952014,0.45575817004042757,-0.5664877019853007,240,true
2023-01-25,-0.8551207875314447,-0.9962796173924773,-0.14115882986103256,-0.8660811582199632,238,true
2023-01-26,-0.9183822248048609,-0.07510515931998793,0.8432770654848729,-0.5990440898956193,249,true
2023-01-27,0.2875756579716498,1.3053080361800578,1.017732378208408,0.7416082758504312,174,true
2023-01-28,-0.3475770845772328,1.3557977954674587,1.7033748800446915,0.35649115727832015,130,true
2023-01-29,0.449088386805667,1.1883220057527177,0.7392336189470508,1.0431284562440144,249,true
2023-01-30,0.7327196210274176,1.3514909819969974,0.6187713609695797,1.0825052646495101,242,true
2023-02-02,1.0684588962034243,1.101570542248146,0.03311164604472183,1.2322216722019965,117,true
2023-02-03,2.5587053004714946,1.3035780000895654,-1.2551273003819292,2.4086961537224805,45,false
2023-02-04,2.566599611393575,2.7768631586345274,0.21026354724095242,2.6421432226319386,235,true
2023-03-01,-1.4798636901552034,-0.011438496127053915,1.4684251940281494,-0.4521744310104665,56,false
2023-03-03,-0.19278130112804204,0.2286268147957045,0.42140811592374655,0.033116417309045354,248,true
2023-03-04,1.9280905425537855,1.7284088439989875,-0.199681698554798,1.8090967299652347,241,true
2023-03-05,3.9707363377450293,3.121414297253761,-0.8493220404912685,3.7083471254871974,34,false
2023-03-08,2.3967285144911443,0.04978504170970999,-2.3469434727814344,1.2746878996405244,248,true
2023-03-09,2.198384480948998,1.4895753225317394,-0.7088091584172584,1.7662717940246808,220,true
2023-03-13,0.7877464791471024,-0.7419644074706788,-1.529710886617781,-0.1269686786552202,134,true
2023-03-14,1.9328829783026562,2.054026339703076,0.12114336140041959,2.045918915380043,92,false
2023-03-17,-2.8515310737037436,-0.7530992540738609,2.098431819629883,-2.0476860806281856,67,false
2023-04-01,-1.4136760942668471,-0.9590621519179997,0.45461394234884744,-0.884876940371964,236,true
2023-04-02,0.11406978385342229,-0.11600576982809174,-0.23007555368151403,0.3627605997239217,249,true
2023-04-03,-0.7834103884604892,-0.6759280831390715,0.10748230532141767,-0.42787816561752295,247,true
2023-04-04,-1.531040769519493,-1.427922211314343,0.10311855820514992,-1.4844233447331119,244,true
2023-04-05,-0.8205037087615179,-0.6589897795076012,0.16151392925391672,-0.457198299590534,92,false
2023-04-06,-1.245916406833766,0.19317702926588745,1.4390934360996535,-0.5518926669912773,142,true
2023-04-07,-0.7030255421015025,-1.268529586544253,-0.5655040444427505,-0.46293974277904004,34,false
2023-04-08,-0.09233720269949637,1.6979257089035296,1.790262911603026,0.883646226621477,160,true
2023-04-09,0.5054043807178781,1.2933915376221679,0.7879871569042898,1.113979441797878,217,true
2023-04-10,0.9522234770880003,0.6302062502492716,-0.3220172268387287,0.7710978220942588,204,true
2023-04-12,2.438289499586894,0.245005563926971,-2.193283935659923,1.1066715750330522,102,false
2023-04-13,1.2644180753019985,1.4076660055939767,0.14324793029197824,1.4736562058112392,198,true
2023-04-14,0.7159514544098299,0.0035278647194024737,-0.7124235896904274,0.25185460414359917,240,true
2023-04-15,1.9611969325060994,1.6053647800729443,-0.35583215243315514,2.1283348436152334,249,true
2023-04-16,2.2486565493385586,1.7900827249064617,-0.45857382443209693,1.7170687921735577,214,true
2023-04-17,1.8509578045296404,-1.1589699839948668,-3.0099277885245073,0.5235821516721322,250,true
2023-04-18,2.017570606590311,3.2934153194701428,1.2758447128798318,2.4856088904776508,137,true
2023-04-19,0.09038816129592933,-0.21293549631822856,-0.3033236576141579,0.0670186340791371,250,true
2023-04-20,-0.3006239382907823,1.1240056818870052,1.4246296201777875,0.45711708680242175,252,true
2023-04-21,-1.034173253121005,0.5011841776006817,1.5353574307216866,-0.012021841121666377,254,true
2023-04-22,-1.0616164260890366,-0.7882037272866427,0.27341269880239394,-0.8729602352750441,247,true
2023-04-23,-0.5315418025418173,-0.2406550292933517,0.29088677324846557,-0.39922717541059527,176,true
2023-04-24,0.06230827186201876,-0.16735731313918478,-0.22966558500120354,0.10170370499965414,252,true
2023-04-25,0.28519406956057514,0.4701182801339731,0.18492421057339797,0.4110646491134095,235,true
2023-04-26,0.675576226717036,-0.3753325080396206,-1.0509087347566566,0.32407225215160007,254,true
2023-04-27,0.9237412040148387,0.332821669735789,-0.5909195342790496,0.6468854979452758,234,true
2023-04-28,1.3321635953671949,-0.2693277091013596,-1.6014913044685546,0.9922825453581561,226,true
2023-04-29,0.3251481323410386,-0.5015451263806338,-0.8266932587216724,-0.0716582797161252,237,true
2023-04-30,-0.3180314373579566,-3.520139083561843,-3.2021076462038867,-1.1634334918882412,28,false
2023-05-02,-1.6927154956378279,-3.165538044882335,-1.472822549244507,-2.651221429821521,248,true
2023-05-03,-0.9262957773187755,-1.3920542686973278,-0.4657584913785523,-1.2880175025312677,117,true
2023-05-04,0.7073978412086727,2.395079722929746,1.687681881721073,1.6308356896673553,250,true
2023-05-05,2.4604713475585993,2.105470746759818,-0.3550006007987814,2.4033449981834982,253,true
2023-05-06,2.5819307992046316,2.890547445644094,0.3086166464394622,2.9113114239634026,252,true
2023-05-07,3.4690412701192384,3.9003634524714563,0.431322182352218,4.0318020370972825,202,true
2023-05-08,3.3414251297664603,2.249639942996576,-1.0917851867698842,2.966736203629637,250,true
2023-05-09,1.4301858905143332,0.6990515405929714,-0.7311343499213618,1.268078385396646,250,true
2023-05-10,-0.1886094539560706,-0.7677518792474215,-0.5791424252913508,-0.24092375351691436,235,true
2023-05-11,-0.7868055134596217,-1.5629111334386092,-0.7761056199789875,-1.2313447442987868,244,true
2023-05-12,0.43505230322596256,-0.032862214667101514,-0.46791451789306404,0.3066182304472868,242,true
2023-05-13,1.7444725053113155,1.4984892511751942,-0.24598325413612132,1.726449888489489,241,true
2023-05-14,1.4218413797252762,-0.6857506581535112,-2.1075920378787876,0.4194438170182353,139,true
2023-05-15,0.6129252323526571,2.4632602278586724,1.8503349955060153,1.2758309265382204,133,true
2023-05-16,-1.246338263846511,-2.8176784712024596,-1.5713402073559486,-1.7843784839518158,38,false
2023-05-17,-1.9977487960206681,0.024866860090377862,2.022615656111046,-1.0233377999470639,58,false
2023-05-20,0.6927242713061303,3.09048405385222,2.39775978254609,1.8793149820079116,106,true
2023-05-21,2.939101287979925,2.1763322084427132,-0.762769079537212,2.330667850946438,184,true
2023-05-22,3.6869004894523094,4.479547887743989,0.7926473982916793,3.947988174084467,231,true
2023-05-23,5.1781745049994665,4.950089001415629,-0.22808550358383783,5.216464484126927,199,true
2023-05-24,3.633504425144702,1.8710717580200276,-1.7624326671246744,2.694083460111502,231,true
2023-05-25,2.2433099270538315,1.5977485335668167,-0.6455613934870148,1.884953167591226,229,true
2023-05-26,2.020208405839039,1.727625944967449,-0.2925824608715901,1.7609759887358327,233,true
2023-05-27,0.7431409218567393,-0.5121293332431615,-1.2552702550999006,0.2693076350428534,232,true
2023-05-28,-1.3224624111338237,-2.464866989546935,-1.1424045784131112,-1.8838314720388085,234,true
2023-05-29,-3.913700919939301,-3.2444292818899636,0.6692716380493375,-3.814834943886079,227,true
2023-05-30,-2.172547887400268,-3.6035277668923227,-1.4309798794920545,-3.093410288129189,167,true
2023-05-31,-2.9530250597370675,-2.6956852169481147,0.25733984278895283,-2.7369647380691453,209,true
2023-06-02,-0.9004108988694864,-1.6472940614631684,-0.7468831625936819,-1.4474640208711795,222,true
2023-06-03,1.66032868742563,1.5165691919448228,-0.14375949548080724,1.4959998120632494,208,true
2023-06-04,0.9656585195845423,0.769345095797314,-0.19631342378722827,1.0263229963970213,142,true
2023-06-06,4.084622781143492,3.359846169427946,-0.7247766117155456,3.719832956204522,163,true
2023-06-07,4.186446208860936,3.412233887070256,-0.7742123217906798,3.667604696355267,110,true
2023-06-08,4.513435930090141,0.9499278232818588,-3.5635081068082823,2.7357202140146315,125,false
2023-06-09,5.800650001473454,3.5309837337342596,-2.2696662677391948,4.507273393718329,143,true
2023-06-10,4.426666841904764,2.727335474402994,-1.6993313675017698,3.3932138047248754,235,true
2023-06-11,3.1197350448777987,2.6142987420551567,-0.5054363028226421,2.768425973985495,244,true
2023-06-12,-0.378389052324847,-1.413683190025366,-1.035294137700519,-1.1171783884301854,201,true
2023-06-13,-2.0110102284722906,-2.6744893676200423,-0.6634791391477517,-2.4033088343270186,228,true
2023-06-14,-2.454526192728495,-2.942247000420098,-0.48772080769160286,-2.6474200348251142,250,true
2023-06-15,-0.7234752017503546,-1.1088157567273669,-0.38534055497701225,-0.9790387176864426,253,true
2023-06-16,0.7150922247859554,0.3999589100047719,-0.31513331478118345,0.7404684620374731,211,true
2023-06-17,2.9939397051532177,3.7159904043490117,0.722050699195794,3.2091140158200724,129,true
2023-06-18,4.783077566773276,4.6731499631393305,-0.10992760363394538,5.288774858578465,81,false
2023-06-19,5.4093360742767596,5.8457284085033425,0.43639233422658297,5.72664081707021,114,true
2023-06-20,4.352143238386478,5.817952386131691,1.4658091477452126,5.165181591333362,181,true
2023-06-21,4.046874054299688,3.942303732841221,-0.10457032145846723,4.150087694876113,41,false
2023-06-22,3.7478101690550916,1.5675661131100533,-2.180244055945038,2.7330739321617705,239,true
2023-06-23,3.339725935804522,2.7078044860430364,-0.6319214497614856,2.8977049735919875,247,true
2023-06-24,3.121238448339313,1.9707296540260635,-1.1505087943132497,2.953964929131042,233,true
2023-06-27,1.189287994792077,0.7740476174511869,-0.41524037734089003,1.1438416429175107,239,true
2023-06-28,0.9715495227733599,0.07679806018694313,-0.8947514625864168,1.1641154066540482,234,true
2023-06-29,-0.18817603474719533,-0.5275526267056547,-0.3393765919584594,-0.05962741639322425,243,true
2023-06-30,-1.43164809575302,0.18626620265638974,1.6179142984094097,-0.5394958031089967,224,true
2023-07-01,-1.2925914245851802,-1.2999295141267466,-0.0073380895415664504,-0.8594011611080098,248,true
2023-07-02,-1.545401824059259,-4.31135243499175,-2.7659506109324905,-2.8508840537105287,252,true
2023-07-03,1.145106673569492,2.0135772289267964,0.8684705553573044,1.360064570971778,256,true
2023-07-04,2.543935798944569,1.5154547948657706,-1.0284810040787984,2.232890202054803,255,true
2023-07-05,3.561427457808535,3.565374402883232,0.003946945074696728,3.5017837268653778,253,true
2023-07-06,3.3982639188677357,2.9328524562804694,-0.4654114625872663,2.8178669553542175,253,true
2023-07-07,2.659714923927754,3.1776381102108013,0.5179231862830473,2.8139001502150798,253,true
2023-07-08,2.1810193707118084,1.6180365234316898,-0.5629828472801186,1.8748439049347365,253,true
2023-07-10,0.7139312548074599,1.0680276377826157,0.3540963829751558,1.088145939905051,52,false
2023-07-11,0.1964217205232793,1.0752186425387211,0.8787969220154418,0.7503637277478288,22,false
2023-07-12,-0.5430312487485253,0.19841186290825075,0.741443111656776,0.2042478054913741,83,false
2023-07-14,0.9442320072493432,2.5316382771818278,1.5874062699324845,1.689344685083309,88,false
2023-07-15,1.7044999005647523,2.0920564664294075,0.38755656586465514,2.0573982221699745,97,false
2023-07-16,3.909876439548606,3.456791727304468,-0.45308471224413793,3.8397772344644756,44,false
2023-07-19,5.482846172478658,4.603332620231937,-0.8795135522467215,4.449114911392097,176,true
2023-07-21,2.287249536909433,0.9719273736119731,-1.3153221632974599,1.367063270083011,223,true
2023-07-22,2.727357240495248,2.468172935901139,-0.25918430459410935,2.5166987328765194,147,true
2023-07-24,2.2620250317607318,2.0998675754740277,-0.16215745628670408,1.9926033302365047,94,true
2023-07-27,0.26918793664484575,1.3617684354502295,1.0925804988053838,0.6321833407749482,210,true
2023-07-30,2.312804210251162,3.72644841599182,1.413644205740658,3.1264834467395635,175,true
2023-07-31,2.8090205115353415,1.9484200268166978,-0.8606004847186437,2.713074904951886,135,true
2023-08-01,2.861141492008402,4.238656764203576,1.3775152721951738,3.6290559548076557,44,false
2023-08-02,2.659074142120717,1.027285184316277,-1.63178895780444,1.55362561956031,215,true
2023-08-03,1.7919877887287061,0.8945199976805382,-0.8974677910481679,1.3679197383223056,239,true
2023-08-04,1.765895203674923,3.2304506051545125,1.4645554014795896,2.0707966458550517,230,true
2023-08-05,0.7011487292802224,1.48988579340276,0.7887370641225376,1.087041211318939,254,true
2023-08-06,0.8952010639402315,0.4975199997369478,-0.39768106420328364,0.6719532988148935,241,true
2023-08-08,0.5840120395903623,0.02277214315776538,-0.5612398964325969,0.28272392759438364,77,false
2023-08-11,0.328331417600124,0.14434244783549294,-0.18398896976463108,-0.03214757029164117,25,false
2023-08-12,1.3476193112733217,0.7752408668972378,-0.5723784443760839,1.0088834572505108,155,true
2023-08-13,1.9064859713622804,5.645810651228492,3.739324679866211,3.374708965705625,35,false
2023-08-14,2.981214740610193,3.3214321384153287,0.3402173978051355,2.942253846555876,191,true
2023-08-15,3.3613250320224193,6.9781702388060465,3.616845206783627,5.487160471315393,5,false
2023-08-17,1.6595711393188786,3.6697610014194275,2.0101898621005487,2.749485883913727,201,true
2023-08-22,0.3129129685266445,0.07479200119312501,-0.2381209673335195,0.5922813768380811,176,true
2023-08-23,1.3221463788089958,0.3871095631271181,-0.9350368156818777,0.9826616791032545,43,false
2023-08-25,1.1875593296342677,-0.2529424476127342,-1.440501777247002,0.40158971041194536,68,false
2023-08-26,1.0309793946794112,0.9037539374448162,-0.127225457234595,0.9204900260967246,99,true
2023-08-27,0.5874148718757211,0.7439887158625462,0.15657384398682517,0.7377627037188867,139,true
2023-08-28,-0.2689404398466172,1.781534209360936,2.0504746492075534,0.792650052674431,128,true
2023-08-29,-1.615981849327579,-1.7953902489447424,-0.17940839961716337,-1.849458183260465,198,true
2023-08-30,-1.8745875381030075,-1.1667850469719399,0.7078024911310676,-1.4075603200656994,128,true
2023-09-02,-0.2016114782520494,-0.688454327952421,-0.4868428497003716,-0.5054451579550812,28,false
2023-09-03,1.2930313676453609,3.364743652188589,2.0717122845432283,2.6716213410478407,134,true
2023-09-05,0.5634230599571177,2.098404129593455,1.5349810696363373,1.40047539237584,120,true
2023-09-06,0.02236789873772995,-0.8382124163138727,-0.8605803150516026,-0.09876988039735582,250,true
2023-09-07,0.9524690722587963,2.1990848558607916,1.2466157836019953,1.7266951155879091,184,true
2023-09-08,2.290493279679356,3.9863112215827563,1.6958179419034005,2.3029918888287684,24,false
2023-09-09,0.2167383914928,2.2355102167430814,2.0187718252502815,1.1672790756474645,141,true
2023-09-10,1.0358348754390339,3.573741519126546,2.5379066436875117,1.8677298682128993,65,false
2023-09-12,-0.22010251214701776,1.6209491595243264,1.841051671671344,0.39865364989291446,27,false
2023-09-13,0.872452523788303,0.44549940545758715,-0.4269531183307158,0.340700726029988,96,false
2023-10-12,1.7037458666659442,1.5202085117353763,-0.1835373549305679,1.2512977665474851,18,false
2023-10-15,0.5784226807604194,0.5222975793557062,-0.05612510140471316,0.5652357301316581,245,true
2023-10-16,-0.07892579342597593,-0.6273483240754297,-0.5484225306494538,-0.13441902329049565,147,true
2023-10-17,-0.5662005045766089,-0.4081259470138653,0.15807455756274358,-0.7872163230433935,21,false
2023-10-18,-0.9758111701783417,-3.2959603989194184,-2.3201492287410765,-1.993368647991352,196,true
2023-10-19,1.1272733426164456,2.580151074335671,1.4528777317192252,1.7018419892624368,245,true
2023-10-20,-0.3396988052412292,-0.2022917600758075,0.1374070451654217,-0.3896569027209076,244,true
2023-10-21,-0.42231568072354814,-0.7698172947242528,-0.3475016140007046,-0.8676714952485722,236,true
2023-10-22,-0.8897984712337569,1.3646185135268212,2.254416984760578,0.08323373266709666,244,true
2023-10-23,-0.8616601206807537,-1.102464928299274,-0.2408048076185203,-1.0842707899277613,169,true
2023-10-24,-1.3924983677909653,-0.1796888108081094,1.2128095569828559,-0.9296829581052366,40,false
2023-10-25,-1.9776948591699546,0.0319668713850865,2.0096617305550413,-1.0670197434196322,39,false
2023-10-26,-1.2793702021649096,-0.7771994777014211,0.5021707244634885,-1.2895240412534434,243,true
2023-10-27,0.3372982703844941,0.8348054626659164,0.49750719228142226,0.6866263406962675,238,true
2023-10-28,1.34035715714956,2.082328286234845,0.7419711290852851,1.8785323493222652,239,true
2023-10-30,4.905651414745107,3.8818566048764467,-1.0237948098686607,4.290123361383998,217,true
2023-10-31,4.100829003309637,5.309068421602645,1.208239418293008,4.35132356271255,214,true
2023-11-01,2.5547896117178253,3.52432111442597,0.9695315027081448,2.6216367960407103,191,true
2023-11-02,1.6336009207733,1.0991227617715351,-0.5344781590017649,1.2551145528578567,239,true
2023-11-03,0.6721022705104476,1.0023457920021834,0.33024352149173586,0.5942941245400492,240,true
2023-11-04,1.4255394061640208,2.0383263411684087,0.612786935004388,1.7727171026384205,190,true
2023-11-05,1.6330712391548405,1.992291820948333,0.35922058179349237,1.4963982540114018,190,true
2023-11-06,1.741570367247224,1.6077729424729736,-0.13379742477425038,1.595409507248207,243,true
2023-11-07,2.47933447330416,1.9860515953123923,-0.49328287799176773,2.0603407405245537,243,true
2023-11-08,2.785093971418558,3.493209425770362,0.708115454351804,3.043481829013637,242,true
2023-11-09,1.7500314532227232,0.7302586806845724,-1.019772772538151,0.9923347043074072,242,true
2023-11-10,-0.18789151997845008,-0.06886505343054738,0.11902646654790269,-0.6569410916844356,243,true
2023-11-11,-1.2310149173535305,-3.036465684610121,-1.8054507672565903,-2.373034577219003,243,true
2023-11-12,-1.6157087990639343,-1.2565014621327124,0.35920733693122187,-1.58030396153729,243,true
2023-11-13,-1.5510376469914298,-1.947819180453294,-0.3967815334618643,-2.173297602456225,239,true
2023-11-14,-2.794828504900555,-1.2212954527149509,1.5735330521856041,-2.267362506965066,25,false
2023-11-15,-2.263012431589617,-1.0582819545634654,1.2047304770261518,-1.3456219792641604,8,false
2023-11-17,-1.6246815409964583,-2.544160888551171,-0.9194793475547127,-2.2225998901096804,49,false
2023-11-19,-0.9540425764042182,-1.015280209219756,-0.061237632815537735,-1.0682337280924372,217,true
2023-11-20,-0.515629660365981,0.942797212366744,1.458426872732725,0.2785482527986023,192,true
2023-11-21,1.4171038124730142,2.0722834537444736,0.6551796412714594,1.7629569280982333,237,true
2023-11-22,3.5349321377945997,5.079491724523856,1.5445595867292563,4.195878619813946,218,true
2023-11-24,7.963377612633554,8.060943179182734,0.09756556654918036,8.00482536268125,58,false
2023-11-26,7.629996236631833,6.557360480028175,-1.072635756603658,6.955020903647981,42,false
2023-11-27,5.839163255922513,3.4369930516178555,-2.402170204304657,4.779371278328188,66,false
2023-11-28,1.4301216466475377,1.1035063790422583,-0.32661526760527937,0.7670967928289308,68,false
2023-11-29,0.6761530966347522,-0.5660745087633401,-1.2422276053980923,-0.2340979843839649,110,true
2023-12-02,-1.2272016134781485,0.23587897745055858,1.463080590928707,-0.6744213809736778,209,true
2023-12-03,0.7149163400046334,1.997585286929401,1.2826689469247676,1.1070299052182926,183,true
2023-12-04,2.4061168339912853,0.025204136050119896,-2.3809126979411652,1.343726290877868,53,false
2023-12-06,0.400917109938261,1.446641459605824,1.0457243496675628,0.8566123008918046,219,true
2023-12-07,-1.9381354126310384,-0.6148560393542895,1.323279373276749,-1.1793331116161743,160,true
2023-12-08,-0.2257356977000417,-1.6785953737778034,-1.4528596760777617,-1.1543036044513766,222,true
2023-12-09,-1.6372296088274199,-2.576231514420069,-0.9390019055926493,-1.910001385402411,223,true
2023-12-10,-1.2671176107056836,-1.7599217610387878,-0.4928041503331042,-1.3703957523663899,217,true
2023-12-12,-0.2192514453421411,-0.7262929588602662,-0.5070415135181251,-0.3605668214153853,130,true
2023-12-14,-1.1829601880318101,-0.465240793680912,0.7177193943508982,-0.8807526028063654,218,true
2023-12-15,-0.925147438769633,-1.441076221606595,-0.5159287828369621,-1.1807832131305405,215,true
2023-12-17,-0.18130864508472702,0.7316360424021122,0.9129446874868392,0.22594750193589938,219,true
2023-12-20,4.6628437997098695,4.796235449588058,0.1333916498781882,4.882865306167288,81,false
2023-12-24,3.388141708796403,2.9221181428428262,-0.46602356595357675,2.899700674473407,134,true
2023-12-25,1.9563279042846622,1.385785309400012,-0.5705425948846501,1.4356635036662824,210,true
2023-12-26,0.33011370661863204,-2.4732298648637334,-2.8033435714823653,-1.0441597976130388,179,true
2023-12-28,-0.6507053400422147,-1.6767689743196068,-1.0260636342773921,-1.3981511635074884,143,true
2023-12-29,-0.022024339848503917,-0.20510465994735055,-0.18308032009884664,0.0033340597188396617,92,true
2023-12-30,-0.43870616752593394,-0.9500834466066612,-0.5113772790807273,-0.8200669074546545,132,true
2023-12-31,1.0271763749486187,0.4329199600806169,-0.5942564148680018,0.9660104153447491,54,false
2024-01-03,-0.033022764126250936,-0.4685428152315893,-0.43552005110533837,-0.4059870454075246,95,true
2024-01-05,1.2783820593596347,1.5846752415778345,0.3062931822181998,1.3646953007717089,121,true
2024-01-06,1.308707894985539,-0.1135131116237123,-1.4222210066092513,0.531458845886068,197,true
2024-01-08,1.8576754262593953,0.5708921098047512,-1.286783316454644,1.4172769172289932,226,true
2024-01-09,1.3275417480964968,1.6495956280839597,0.3220538799874628,1.5694469047341402,230,true
2024-01-10,2.1118793555889486,1.2433485445966759,-0.8685308109922727,1.5637482550747852,226,true
2024-01-12,2.411589549263759,1.6108593432448055,-0.8007302060189536,1.9857903681983111,211,true
2024-01-13,2.21055017810028,0.9921964410012541,-1.2183537370990258,1.6085019972431427,233,true
2024-01-14,1.0845310158939157,0.5398976384536693,-0.5446333774402463,0.7143625172081309,227,true
2024-01-15,1.917460663455646,0.5643158511433694,-1.3531448123122765,1.2827014588741046,223,true
2024-01-16,1.9100568034463887,1.8559764409668706,-0.054080362479518085,1.8489827331821067,148,true
2024-01-17,1.962114943075314,1.5192119176690824,-0.4429030254062316,1.4798852695250546,143,true
2024-01-18,2.6973749673922263,1.1906243493971944,-1.5067506179950318,2.160834673768018,241,true
2024-01-26,-2.3812361412230705,-0.8176015857934836,1.5636345554295867,-1.8027859551401977,124,true
2024-01-27,-1.1095269910571814,-0.6393246867809566,0.4702023042762249,-1.0963010266193156,220,true
2024-01-28,-0.5308609774017561,0.21527595754438844,0.7461369349461445,-0.202688978772408,10,false
2024-01-30,0.5302846901519879,4.281144789019814,3.7508600988678262,2.4524917265688306,31,false
2024-01-31,1.725584641287813,2.9122374061506955,1.1866527648628824,2.316632865074408,149,true
2024-02-01,0.6915290530930384,1.5223887793526645,0.8308597262596261,0.9642551124407586,210,true
2024-02-03,0.10174778807515548,0.6014057617961602,0.49965797372100473,0.143750420334474,147,true
2024-02-04,-0.8345718715107,-1.2143417031471535,-0.3797698316364535,-1.0953051130465077,207,true
2024-02-09,4.121048628642013,4.845188982679448,0.7241403540374352,4.4295880498050675,70,false
2024-02-11,1.7726826886723897,1.5759932146620954,-0.19668947401029424,1.6491921108037668,173,true
2024-02-12,2.2539441699816387,-0.11630021125379272,-2.3702443812354312,1.1308739382072561,239,true
2024-02-13,0.181998399466406,0.5973791133850976,0.41538071391869164,0.0715147183216714,244,true
2024-02-14,1.179209126012069,0.9040537120220199,-0.27515541399004906,0.895054829101846,253,true
2024-02-15,1.1420149370320303,0.2677404065828781,-0.8742745304491522,0.5184585105272895,253,true
2024-02-16,0.9351602943092433,-0.03245920892612315,-0.9676195032353665,0.2894177380703439,250,true
2024-02-17,0.40479688176783496,-1.1067036508140715,-1.5115005325819064,-0.647355197613362,150,true
2024-02-18,-0.9780011918676923,-1.2052212513912894,-0.22722005952359714,-1.4235508357777225,188,true
2024-02-19,-0.057824672162944894,0.6712525832390792,0.7290772554020241,0.07396825557545739,42,false
2024-02-20,-1.5811482796907317,-2.3677668079715524,-0.7866185282808207,-2.270821414688696,169,true
2024-02-23,1.8172068091903264,2.3783375722605173,0.5611307630701909,1.6586194581181366,28,false
2024-03-01,-1.0166928452558117,0.5375620871268761,1.5542549323826877,-0.7253929152307212,247,true
2024-03-02,-1.9639738541682756,-2.5625123431189976,-0.5985384889507219,-2.36646931180745,240,true
2024-03-03,-1.220337768655074,-1.6390868384964408,-0.41874906984136673,-1.561827509741219,245,true
2024-03-04,-1.103096035493812,-0.15997127149127552,0.9431247640025364,-0.9618559519576066,252,true
2024-03-09,1.654892424715148,3.085635029575694,1.4307426048605458,2.2783821205968295,104,false
2024-03-10,0.1502035933943084,1.276450608524987,1.1262470151306785,0.3442602545527028,256,true
2024-03-11,-1.1340488197631111,-1.4298608677296292,-0.29581204796651805,-1.7961075511138387,32,false
2024-03-12,-0.6062213790515978,1.1954298845351201,1.801651263586718,-0.1123740878560664,15,false
2024-03-13,0.5023204336468623,0.6525477549010672,0.1502273212542049,0.5896912813740056,59,false
2024-03-14,-0.2813842752858252,0.3543258300863347,0.6357101053721599,-0.23066412228495123,37,false
2024-03-16,-2.5318058036923317,-2.61029635223122,-0.07849054853888848,-2.4291385321478525,55,false
2024-03-17,-1.5447238868137545,0.5962199800908548,2.1409438669046095,-0.8083003814187052,50,false
2024-03-18,-1.9676036230286003,-1.0973244001733797,0.8702792228552205,-1.9581437400159953,135,true
2024-03-19,-0.6886445818957365,0.4371979060206927,1.1258424879164293,-0.42015095287116255,175,true
2024-03-21,3.042514284701492,3.4163219138369194,0.37380762913542753,3.025229903035736,250,true
2024-03-25,2.589504469843158,2.9056824126637877,0.3161779428206297,2.462295564297598,21,false
2024-03-27,-1.0106170380363846,-0.7054531693995046,0.30516386863687994,-1.4748248524068877,238,true
2024-03-28,-2.541467233349481,-2.138962277784327,0.4025049555651541,-3.248809346898189,9,false
2024-03-29,-2.8356365365113056,-3.5961919762957115,-0.7605554397844059,-3.5330740000002208,256,true
2024-04-02,0.21101341832387152,0.5175693078867818,0.30655588956291024,0.32894309135568583,81,false
2024-04-03,0.09747065812461171,0.7798981319740845,0.6824274738494728,0.4225323543207918,249,true
2024-04-04,0.22092685107435386,2.0648793975947664,1.8439525465204125,0.8702128250451796,252,true
2024-04-05,0.1869750313595567,0.35272791730831854,0.16575288594876184,-0.15443063721923997,245,true
2024-04-06,1.332471499924027,1.631984076176027,0.2995125762519999,1.5155455866867271,191,true
2024-04-07,-0.9571635115549176,-3.137210272838924,-2.1800467612840064,-2.224393733847821,186,true
2024-04-10,-0.8086615433296092,-1.409857128183251,-0.6011955848536419,-1.396044160538331,254,true
2024-04-11,-0.682358843541373,-0.6789625316192855,0.003396311922087447,-0.8130619447792368,247,true
2024-04-12,-0.8827260204757876,-0.9431965094454362,-0.06047048896964857,-1.2057256842113444,251,true
2024-04-13,-2.0410136281173643,-2.4157220737852234,-0.3747084456678591,-2.4954331283669453,81,false
2024-04-14,-1.2708614385944246,-1.7935791521606312,-0.5227177135662067,-1.6899504566940027,232,true
2024-04-15,2.1746802437275683,2.742793884996841,0.5681136412692727,2.1911811631338804,240,true
2024-04-16,3.875041516336463,3.622889692849199,-0.2521518234872637,3.6169899048691487,72,false
2024-04-19,9.7086202727204,9.372389638964876,-0.336230633755525,9.330868756195214,255,true
2024-04-22,2.6162588844882055,0.4043606510032465,-2.211898233484959,1.2438358999655876,177,true
2024-04-23,2.0584641511920503,1.271097408834776,-0.7873667423572743,1.1971426497584292,242,true
2024-04-26,-0.15803847686285188,0.38500490754758654,0.5430433844104384,-0.16008558395822778,250,true
2024-04-27,0.821451976925162,1.6371753557419442,0.8157233788167821,1.4264556182290073,159,false
2024-04-28,-0.7013456047743674,1.375305380273775,2.0766509850481425,0.19927323342902514,254,true
2024-04-29,-2.1536574005003035,-1.9285335383040012,0.22512386219630232,-2.406577547912034,252,true
2024-04-30,-2.5535664150962964,-2.840477955072126,-0.28691153997582974,-2.7529920844830023,254,true
2024-05-01,-1.4759641426189472,-0.4181978852361987,1.0577662573827484,-1.3289132118580445,249,true
2024-05-02,0.766225775798329,2.92077631676923,2.154550540970901,1.7098020015554496,225,true
2024-05-03,2.2767834722898437,3.7745126283351196,1.497729156045276,2.739518214389541,250,true
2024-05-04,3.2270017624119127,4.927254322351719,1.7002525599398064,3.8312393205739683,253,true
2024-05-05,3.244613893004911,5.308459888613669,2.063845995608758,3.9498527377287918,117,true
2024-05-06,1.6943423283005479,0.8844604736652453,-0.8098818546353026,1.192868815098155,187,true
2024-05-07,0.9106243147925495,0.23094186379242873,-0.6796824510001207,0.3181676797607269,253,true
2024-05-08,-1.2810250461930281,-0.3712608896267688,0.9097641565662593,-1.0683712484418992,226,true
2024-05-09,-2.591655280908698,-0.5146198440302332,2.0770354368784645,-1.987531057482501,252,true
2024-05-10,-1.8322026531928204,0.9777631839456671,2.8099658371384875,-0.8497937560744552,231,true
2024-05-11,-1.4616160911132048,0.6729652069061214,2.1345812980193264,-0.6058638460242612,236,true
2024-05-12,0.5789568223001882,0.49612873691876686,-0.08282808538142133,0.3473677259057282,248,true
2024-05-13,2.273322336236993,1.8710477410545585,-0.4022745951824347,1.9900075053595174,165,true
2024-05-14,4.426341451048067,5.184911749806146,0.7585702987580785,4.689022261306608,220,true
2024-05-15,6.257590186519084,6.0467509853469465,-0.2108392011721376,5.901962106031903,121,true
2024-05-16,6.986983806000699,6.29665762774336,-0.6903261782573384,6.285944593694361,68,false
2024-05-17,7.810167394767794,6.028213107067988,-1.781954287699806,6.784765019057418,222,true
2024-05-18,6.358119445470811,7.8478115256696395,1.4896920801988287,6.653381169558425,249,true
2024-05-19,5.759506927874157,5.4338743198479715,-0.32563260802618554,5.245243282367069,235,true
2024-05-20,4.3434770150356785,4.449972637033626,0.10649562199794715,4.2540602631571485,10,false
2024-05-21,3.5466566568024365,4.584011381720116,1.0373547249176798,3.651171110172653,253,true
2024-05-22,1.3420662557666887,0.8141000430683776,-0.5279662126983111,1.036773666615287,231,true
2024-05-23,-0.7759334730485719,-2.16691209330735,-1.390978620258778,-1.7260077889393695,252,true
2024-05-24,-1.8926868985067709,-0.589666491165258,1.3030204073415128,-1.3311543508715937,251,true
2024-05-25,-1.17623157579479,0.4983310542963333,1.6745626300911234,-0.6792784738022131,254,true
2024-05-26,-0.5778123643978357,1.973598225597272,2.5514105899951076,0.29423171276388327,247,true
2024-05-27,-0.6065648717074317,0.6798824005508521,1.2864472722582838,-0.1442447885328445,237,true
2024-05-28,0.2877811938329298,1.5960072888035504,1.3082260949706206,1.0732396048046053,206,true
2024-05-29,2.13239757266346,3.2035477941969175,1.0711502215334576,2.2477927529323303,254,true
2024-05-30,3.6652813149809007,4.93091722501982,1.265635910038919,4.071760888502607,42,false
2024-05-31,4.335240720594768,4.558545592225012,0.22330487163024415,4.311673778327949,236,true
2024-06-01,6.041765366620411,5.055765275103346,-0.9860000915170648,4.9899792085957575,234,true
2024-06-03,3.427650241032793,3.412531982619061,-0.015118258413731933,2.8800668125644684,248,true
2024-06-05,0.017908750658215705,-0.8690395971703233,-0.886948347828539,-0.6447740640771449,227,true
2024-06-06,0.15049162725403314,2.950265900886104,2.7997742736320705,1.430429075832468,27,false
2024-06-12,3.956478030166143,5.545831867226578,1.5893538370604352,4.495010665408515,245,true
2024-06-14,4.28204573517224,4.431756131634247,0.149710396462007,4.333181288691722,253,true
2024-06-15,3.904521506983865,2.9406128698633163,-0.9639086371205488,3.219595212862669,250,true
2024-06-16,4.20097776656487,4.177828872081195,-0.02314889448367552,3.977636267145687,256,true
2024-06-17,4.109132119084414,4.19972146624873,0.09058934716431555,3.78811908609114,256,true
2024-06-18,0.88570391005043,1.3924150509595798,0.5067111409091498,1.1011962365341397,255,true
2024-06-19,-1.8543008878772322,-3.0869500675273884,-1.2326491796501562,-2.1454120855721097,254,true
2024-06-20,-4.445717025023177,-2.941301844346734,1.5044151806764425,-3.925022528363268,38,false
2024-06-22,-3.949405368088558,-2.338299337882166,1.611106030206392,-3.418519432486415,26,false
2024-06-23,0.6246976667641928,4.526996387602369,3.9022987208381767,2.252703706710575,66,false
2024-06-25,3.965205834986103,4.747009908161554,0.7818040731754512,3.991403604359144,46,false
2024-06-27,5.443816980127174,5.559074966587922,0.11525798646074836,5.326845474927726,202,true
2024-06-28,4.806295527845859,4.1057064085193336,-0.7005891193265255,3.7102759970840102,193,true
2024-06-29,3.8073490548140647,5.0474986720796355,1.2401496172655708,4.041574518215074,28,false
