date,rv_daily_corrected,rv_clean_dcpca,rv_clean_fiesta,rv_clean_gauss_hermite,rv_clean_scalpels
2021-01-01,-1.2520205282084267,0.5055010071592397,-0.019063624305941218,0.6163531737524396,0.23068629634337867
2021-01-03,-1.5482970422682472,1.2095284970847888,0.5031714153376332,0.969198473502801,0.212865428275677
2021-01-04,-2.1742966329592184,0.2809662378926536,1.4908485613626814,0.22908401825283176,0.3819285579739926
2021-01-07,-2.375631631926417,0.5977191879909174,0.21773629273377315,0.3787819660580831,0.4137017737308497
2021-01-09,-1.91112778855422,1.2166627012442737,0.7528894673215305,0.45865798051585904,0.00487497886967958
2021-01-10,-1.4469049520969273,1.3157376518344002,1.1114539434541433,0.841455360523959,0.3118570074076388
2021-01-11,-1.6282711875640021,1.3070405387577613,-0.08768122858926386,1.0381151898339902,0.13984880241753217
2021-01-12,-1.5050675282515988,0.9533364451231572,0.5200823738214209,0.6157770738672144,0.15969213209973532
2021-01-15,-2.336458264681165,1.0100238137285875,-0.7704365756586213,0.6598993044212604,0.17722259539209517
2021-01-16,-2.0045300087762015,1.0070026974464807,0.28354849788588865,0.4849249082936318,0.071686384036866
2021-01-17,-3.058961529683039,-0.5037393944003377,-0.576371982480707,-0.45266798987332146,0.2663906045178237
2021-01-30,-1.5529282665031563,0.7830319400603865,0.2825707486235385,0.5632865653980528,-0.09453038128913249
2021-01-31,-2.0498158469617076,0.17252053061292627,-0.05409573666247702,0.10709835605970386,0.005460621720317249
2021-02-03,-2.0646342358034495,1.3935055110695864,1.326824459908853,0.6663632686813927,-0.09841602350741141
2021-02-04,-3.023764821031278,-0.16990666166064816,0.18632722485516862,-0.5117071529871029,-0.07932055078993017
2021-02-06,-2.946832118110584,0.20295498726108008,-1.2621747644084516,-0.5721515372946899,-0.08714769205892026
2021-02-08,-1.4674110917125445,1.1877054333014663,0.487972740828722,1.2999309770588288,-0.31751733789269565
2021-02-11,-2.566057497603182,-0.06602527426910099,0.6681977239615278,-0.5042814774099331,-0.01622503000510278
2021-02-12,-1.8605411672337988,0.3891711057291316,0.8654787358259264,0.6071705905782545,0.3409995337588043
2021-02-14,-2.5108702722474585,-0.22970066242449194,0.24951038679093207,-0.7099939566348574,-0.30285908283485696
2021-02-18,-2.243353211438397,0.024480598596519965,-0.8257748343480991,0.6586096690519101,0.28857015363030314
2021-02-20,-1.8324247980663424,0.06906972694905389,0.954227408358745,0.2749454936417115,0.14901895159175638
2021-02-21,-1.0407445463097806,1.524628833710864,0.12417552450991698,1.0200569724184043,-0.2347256001102096
2021-02-22,-2.3239535594838063,0.8345510835509855,-1.4345805144453683,0.5189566765472655,-0.3659317205805337
2021-02-24,-1.6208474759629357,0.4243705850959121,0.6051060193145084,0.38845683965999656,-0.04926937265815923
2021-02-25,-1.7397945542253577,1.5700601798037797,-0.9622243000718174,1.5890787305966354,0.019900684063031804
2021-03-01,-3.616078795024954,-0.05151190947174111,-0.6549711787720964,-0.13842868988523138,0.10691256932875604
2021-03-02,-3.3671550162289337,-0.21113542321109202,-0.31376132266154855,-0.029481331981696002,0.03503750470827072
2021-03-05,-1.7340928541934695,1.0362105669296953,-0.02539636917866739,1.0344265586235268,-0.01503471725527561
2021-03-10,-2.2510122557977916,0.5173563573499207,-0.5578894214599228,0.15245006352558166,0.06743406300859078
2021-03-14,-1.4779793401811034,1.336696109753859,1.3073832989351741,1.1423459749613252,-0.14120026313912604
2021-03-17,-1.5598451900762476,1.8396099236827879,0.1688182975117578,1.407286287757562,-0.14446289287627678
2021-03-20,-2.340760861452676,1.3022810813094656,-1.0396677210463183,1.077387932007396,-0.040530950577249314
2021-03-22,-1.2332026514739534,1.755821403135094,0.31967911532421,1.5774491512225817,-0.43667529835465757
2021-03-27,-2.207438741831622,0.2449633428659861,0.2287689982577117,0.49869749515424777,-0.27169743694537374
2021-03-28,-1.761820902578429,1.7706361969271942,0.6687734654135324,1.6714580127229663,-0.20604355397949803
2021-03-30,-2.746022880236157,-0.16809263654380935,-0.35086501661226066,-0.19485087206523888,0.08325204496941296
2021-03-31,-3.276805314976405,-0.22685972871517812,-0.5552146292706022,-0.5459208904289206,0.1155725011950608
2021-04-02,-1.4442579882207127,1.2403462814712558,0.6415473463542694,0.5888962086716891,0.14169903318997967
2021-04-03,-2.033220689129106,0.2793051934221902,-0.5194785265891229,0.16545531469566788,0.2674536299175543
2021-04-04,-2.4761800544690766,-0.6270699165047673,-0.9978176092675026,-0.6768229418466736,-0.013791561372954675
2021-04-13,-2.2217128449491588,-0.44827978003077273,0.3557284497010418,-0.14806035483474322,0.06549848832435146
2021-04-17,-2.2126608848471365,-0.06835708534239071,0.9691270233029807,0.30234135450540034,-0.004521409262906673
2021-04-18,-1.6847485279049939,-0.14968660067412176,0.6633806829945867,0.2680410360598864,0.06387573353492826
2021-04-19,-2.244978522252025,-0.1772721530077892,0.44181885984170854,-0.24110597565959013,-0.21115094295737435
2021-04-21,-1.2926335173880295,0.6246270597682758,0.33359777806041935,1.2104772080306492,0.23496335988909323
2021-04-23,-1.3084898014959514,-0.31525832113400676,0.6323433640684419,-0.5624806862258245,-0.11457472715608219
2021-04-24,0.5870801348836023,1.2954773092512266,1.0455340382181333,1.541297025024771,0.1893167085145251
2021-04-29,-2.683236555168662,0.09459880444631352,-0.5119904456542708,0.48499427527554184,-0.008576384376397073
2021-04-30,-1.875460938093439,0.3023345299672109,0.8645144740676765,0.43005308429033184,0.11344267665037933
2021-05-03,-3.1437112432617518,-1.3748090923379743,0.27160556239597167,-1.0883066169107969,-0.09130153248929673
2021-05-04,-3.9657598302044113,-1.8780796076720723,-0.061910761898555045,-2.132900406255243,-0.16580257802729648
2021-05-06,-3.18816102308839,-1.103364227444595,0.2981486049637909,-0.8047812998374941,0.0986417201158929
2021-05-07,-2.912613533096481,-1.570831301728132,0.976358912075137,-1.0954834708347896,-0.027215545374247085
2021-05-10,-2.1832654912851552,0.7174445709509634,0.03878663921873837,0.3994923257791676,-0.3439589427323426
2021-05-11,-2.511570057938811,-1.5450441207586638,-1.5991930719158505,-1.0708431871714912,-0.26985854849874613
2021-05-12,-1.7825612549971015,0.05107451727047074,-0.7526865923413228,-0.40458739961760415,-0.10253401150089303
2021-05-14,-1.9262270823390488,-0.23895213701348417,0.396353748223774,-0.6327705269133499,-0.023679162423491107
2021-05-16,-2.7642638452469783,-1.0556799710691525,0.49800695127534533,-0.3359921255712317,0.16451629220398445
2021-05-17,-2.6585359455512405,-0.6984899190329785,0.01621260055174778,-0.39043762908217206,0.058927409973762224
2021-05-19,-2.733824020576547,-1.5074030261280258,-0.17791732117161718,-1.003438125763167,-0.06838267280170385
2021-05-21,-0.7739023906675121,0.5262276357456482,1.3991436992906754,0.7393854704495659,0.019816502451021734
2021-05-22,-1.35498414758784,-0.11125539140002672,-0.07800358632313498,0.13791056590199213,0.20731344411535702
2021-05-27,-1.9355475668739341,0.3021294255018536,0.669666748708825,0.5505447329343645,0.17188076664285745
2021-05-28,-1.74179550774555,-0.1443662292467911,-0.005113321746315513,0.45989994299456405,0.2162586722965898
2021-05-29,-2.8783016425659875,-0.21099933826036432,0.3258747655933414,-0.05046424509301728,0.020626118500103985
2021-05-30,-3.838178808883115,-1.9289433803020521,-1.294764943273531,-1.7103955032216152,0.26799692369206696
2021-05-31,-2.397961283196635,-1.4469733846901613,-0.8467379244847324,-0.6568119280876776,0.17276313887407468
2021-06-01,-2.480699279354411,-0.9433794062838825,-0.8352495697518476,-0.5802770782762354,0.18832094127571963
2021-06-02,-1.8345836331230732,-0.6243983734018623,-0.48259318792775385,-0.31654440156374664,0.3578037251679689
2021-06-03,-2.4303420796802673,-1.6617261226253102,-0.22767731676576286,-1.3387836839125922,0.3621866452043605
2021-06-05,-0.41006631372372965,1.7054744755894107,1.2583104429532823,1.6679731529142618,-0.045286261804903916
2021-06-06,-0.6880071822256849,0.5787020206681279,0.8183268991282511,0.8176052147554419,0.11678209722299471
2021-06-10,-2.8025585116716614,-0.05539257504116213,-0.13972153941214227,0.1921451802129921,0.17602723095956208
2021-06-11,-2.7741631319167235,-0.6525358247996491,0.7189393420884516,-0.5044198159387587,0.11891114694367388
2021-06-12,-2.6530288437139333,-1.0305108805425938,-0.8077820485297837,-1.0027596764139193,0.071124412164977
2021-06-13,-1.7199843412484395,-0.319543183567079,-0.5123640594166035,-0.5072036436404115,-0.02524683028389063
2021-06-18,-1.346299926019689,-1.0061316800389721,-0.8996796317330382,-0.7873635343993637,0.544725139068305
2021-06-19,-1.888512182602968,-0.9983668894306317,-1.0573632504619719,-1.866557347711194,-0.051112648552248174
2021-06-20,-1.0438335039414557,0.20579053845816042,-0.857040966208383,-0.004058233948351364,0.16634427812346075
2021-06-21,-2.144751657352665,0.308942895955846,-0.20509290589843632,-0.338099066233547,0.1887658795101288
2021-06-25,-2.197348205330096,-0.11740094998613992,-1.4412440265547004,0.2285691055928578,-0.08452434456751234
2021-06-27,-1.0512452326906685,0.5415274317042148,-1.1319473719787205,0.4264421498865707,-0.13561382578564007
2021-07-10,-2.2652053164301713,-0.8747368729185634,1.085352754169413,-0.7802926412011195,0.020827709030754704
2021-07-11,-2.297543429808028,-0.6490110567424945,-1.2430294031335372,-1.3015902939971062,-0.30960307842360635
2021-07-28,-0.7665988187482724,-0.5271957148138406,0.38769249028873687,-0.2209215042388078,0.37250494446766425
2021-08-02,-2.4602618718844935,-0.7125041437653965,0.30298061527933884,-0.40718251016787477,-0.32421065310177255
2021-08-21,-0.6968388142008751,0.5746330843726805,-0.25585635734977474,0.6478097701192455,-0.10192394474870525
2021-08-22,-0.9752535854865229,-0.03753463509500643,0.6337363642388527,0.17825595666659355,0.08625791713870967
2021-08-23,-0.8529746508193425,-1.0229765480216626,-0.0807445599425205,-0.8290004304650269,0.017383411194828113
2021-08-24,-1.5913904759614383,-0.394156572540033,0.3790824988542658,-0.32094708468484434,-0.4045907875483863
2021-08-25,-0.4172713550212873,1.1364770729992213,1.0565963410999508,0.9772376188427458,-0.207767409945518
2021-08-26,-0.23107269387976556,0.14173079859428905,0.1921954068912316,0.22985707663229835,0.08834737832569317
2021-08-29,-1.840690998818932,0.2579057508671456,-0.4335134122108586,-0.373899706723831,-0.3231729588236476
2021-09-04,-0.14649640624444313,0.748133383081579,0.4827688334903617,0.7824245269633975,0.09971663470480507
2021-09-20,-1.5788687261597025,0.27566498307017007,0.5169874351837498,0.2910487002507547,-0.058310547427026904
2021-09-21,-0.5099162861801675,0.4899219974708916,0.2199010317289516,0.04033265886214776,-0.002103311878272507
2021-09-28,-1.0712150359464623,0.9255047880634593,1.7956924635087521,0.9055126788955018,0.09115461241435696
2021-10-28,-0.3125843104315826,-0.1008383021072993,0.7213390077178219,0.26950634737999446,0.11496210961763609
2021-10-29,0.9831225159544099,0.7647973164739988,-0.05722989586355054,0.6884257911141609,0.060564709052982835
2021-10-30,1.3134247682940072,1.5102488936416416,1.6514431218053829,1.8033830721036426,0.16260741479709395
2021-10-31,0.3090421573393088,-0.0628056479922931,1.0678196392478283,0.6152492343234575,0.1782791238607615
2021-11-03,-1.123171806342379,-0.107085514085272,-0.3604309988327421,0.38909618963624093,0.1562758805021076
2021-11-04,-1.4092184243023058,-0.04143287440055632,0.9433573625613492,0.28590283650567905,0.14858662275548795
2021-11-06,-1.197967137090476,-0.32384346007837206,-0.2766529376175577,0.0579209834610499,0.26623662164126927
2021-11-08,0.0054901470191424245,0.695169226314056,-0.6353448640731626,0.9903117367649545,0.029115186462149723
2021-11-09,-0.28415161149656254,-0.49128376946500985,1.550426692730264,0.17040941968115564,0.13298295057893483
2021-11-10,-1.0359551831486085,-1.105679233620951,-0.7751950227386498,-0.9040192845320547,0.0964802837655725
2021-11-11,-0.7309616288064132,-0.32861259660619624,0.5746111851207418,0.10767440593543176,0.4972938172443264
2021-11-12,-0.2873908223704306,0.794871922783869,1.5431154013026442,0.6151979339812008,0.15680912278628512
2021-11-13,-1.969391216318167,-1.2277971637459109,1.0146583994822795,-1.0850348815655662,0.28458272288833086
2021-11-14,-2.754078890080285,-0.6078175448625232,0.8909631845767754,-0.5524955664183064,0.22026609065915181
2021-11-15,-3.345380200894733,-1.998749440691357,-0.5843527445615639,-1.5694704939740425,0.037433853489574176
2021-11-18,-1.223344606577569,0.4603810500018384,0.13200036534260073,0.448335819360528,-0.05627566458019828
2021-11-19,-1.0175043589759203,0.6250053389634537,1.7311902242123276,0.8129520418488946,0.20043306979471254
2021-11-26,-0.5082932847329654,-0.20249112718190004,-0.012773257825685391,0.3826259426918258,0.04219813304473519
2021-11-27,-0.7522382999548204,-0.5283580573336707,-0.5641855362728948,0.04118487576042196,-0.1494382696885168
2021-11-28,-2.9622549466984274,-2.6358521772721057,-1.7309964899165056,-2.1127823033082267,0.08044350979571391
2021-11-29,-2.1257396683882566,-1.64582875991994,-0.3574762710763577,-1.4669391249224006,0.03796857910072049
2021-11-30,-2.130624501870567,-1.1855843572503888,0.9896330817589143,-0.7551247251059938,-0.07926386050723977
2021-12-02,-1.8361963410169606,-0.9448788024012043,-1.244975470607613,-0.5220254091718384,-0.26254164436079463
2021-12-03,-0.7490971222817916,0.4445700898313223,0.4881360914907764,0.8334292769401901,-0.15565885542923752
2021-12-05,-1.5717014312915845,-0.3541703353398,-0.1562579793258796,0.053984897569167245,-0.053378848842044135
2021-12-06,-2.2426740026417664,-2.097288923646919,-0.6201253557005586,-1.7679133460239074,0.41701788365548964
2021-12-10,-1.0532056217880457,1.6512529345294036,0.8996300643185617,1.3755231785593343,-0.26053181433496775
2021-12-11,-1.5909134604641006,0.3032541537360758,0.24129093433087778,0.20544801200189355,-0.2500165443359492
2021-12-12,-2.0300204333915506,0.054198623572298654,0.5574904592897876,0.2346678792916732,-0.15776135683279335
2021-12-16,1.4802067747106435,2.632711052213291,2.5167023970177396,2.721801879868014,-0.4282514707866767
2021-12-19,1.7448314416939525,0.83369730826039,1.1055602353825826,1.0643663585919518,0.08110911354788186
2021-12-20,0.6845268044712584,-0.15811695883117793,-0.23110124122951103,-0.051113470277543094,-0.032253707615723215
2021-12-23,-0.17286986227649467,-0.4775364766611637,-0.2577466297307061,-0.10653469335988264,0.11189464472852251
2022-01-01,-2.9097836815730496,-0.017005844912753698,-0.15863905438956705,-0.5008471137399151,-0.17113049745307762
2022-01-02,-1.871889882039456,1.5316604177538937,-0.24743519347252074,0.8365456116800567,0.052535056937017544
2022-01-04,-1.406836230364589,0.3797372056618924,0.6454117195045721,0.5218453070285045,0.02813050281838514
2022-01-05,-0.9626741014753589,1.6990218691954122,0.1545223401401401,1.3875374103642084,-0.09490698309366508
2022-01-07,-0.3563118022334048,1.3084922276075241,1.1574560346114946,0.5173061679977924,0.2897792848783638
2022-01-10,-1.221782774706292,-0.5611681868674834,0.03029233422690747,-0.4208194268496024,0.1450336617690482
2022-01-17,-0.45304554069197217,0.8573941820383356,0.8830494676665492,0.41078933476159374,0.1625499204552625
2022-01-20,-1.4071435400452912,0.127797039017151,0.9600512372114323,-0.5140103319185283,-0.11257479165703899
2022-01-21,-1.077838075089444,0.10305927514806562,-0.09237836680354794,-0.2482647849528118,0.16987552002660777
2022-01-24,-0.8953330290016511,0.3068205977558373,-0.23946211836283282,0.13975402216959765,-0.09561633901034838
2022-01-27,-1.6807469236539125,0.20235972148070092,-1.0349603355723447,0.1440655989450521,0.32346673191489117
2022-01-29,-0.054516005001258624,0.8231840297454739,1.630490448024534,0.37495436845609265,0.3323191060261479
2022-01-30,-0.9514036950327502,0.3439330837234039,-0.5930173212629496,-0.059414133775267386,0.07915907477922701
2022-02-03,0.8256333006391237,2.232801677263608,0.42244835480492215,2.1165741776132108,-0.3498989569658306
2022-02-04,2.0284555155140995,2.7894986144205163,1.9531067968104077,2.7317820938415487,0.32656924919308494
2022-02-05,0.8351401990878462,2.2596439459528073,1.1461583499105412,2.0266100695341334,-0.0822916547223258
2022-02-06,1.5968285449731467,1.171102569293648,0.908228243070571,1.6226944878590501,0.24529567005140507
2022-02-07,0.32947759520021547,0.4398360636718375,0.6503241680101048,0.988946537068284,0.5544886957599147
2022-02-08,0.4631617612039387,1.3654125729258277,2.241793644205744,1.766526583538947,0.20724839003946727
2022-02-09,-0.09344796200942879,0.4920396315537128,1.4989692536797468,0.6099030826837244,0.27967035649726313
2022-02-10,0.6163317671546651,0.806758276928868,2.1774641971443622,1.4997289405328764,0.26347807274908064
2022-02-11,-0.23284783722262165,-0.2435402065498528,-0.4094744046844908,-0.01218112878766886,0.17560928285104183
2022-02-12,-0.23347821939699884,1.703337278757175,1.3736830661987116,2.45168574393123,0.027173772664468743
2022-02-13,-1.8517358724976543,0.009953335097515614,0.44701749332881535,0.20833347993682594,0.18341728324480755
2022-02-14,-1.3065988186758408,0.75815999821115,1.356200112743508,0.8202273685083149,-0.22845202610301385
2022-02-15,-0.7393360105905736,1.2537289012394177,0.642260943826751,1.044984354788978,-0.510699582436132
2022-02-18,-1.400486930247539,-0.03032138025378439,1.4864807260386284,0.013627224524136339,0.2692749851988765
2022-02-19,-1.2361502413429972,-0.5853090561988944,-0.6541312117581232,-0.3118982398254161,-0.032682919724379644
2022-02-22,-2.1097942549637314,0.7165141721319899,0.30088310284849995,0.09193138884337237,-0.24305528014940592
2022-02-25,-2.1057837709499503,-0.3859032850429438,0.40241004286229165,-0.5398234355045617,0.11835435796865568
2022-02-26,-2.1684027829508588,-1.565051621124757,-0.5543941589232357,-1.0940758646801942,-0.12375300367682485
2022-03-01,-2.2014217314494124,-1.49395328736204,-0.15795523192878536,-1.3430615732598945,-0.2317726375933944
2022-03-03,0.7260950351850751,1.2184782796852949,1.36586368168314,0.7837001864987683,0.07139817867209786
2022-03-05,0.6651374718038512,0.3240494799095679,1.0980031737296088,0.6227052515899074,-0.34341965153430465
2022-03-06,1.7231463873769215,2.3790056386481493,2.9180510511977475,2.688922908475167,-0.3094918395042896
2022-03-10,-1.1229922699312593,0.3534230989524976,-0.9106932513475694,0.30048638453250204,-0.08539652061824654
2022-03-11,-0.8169180286774643,-0.6817108682878635,-0.971857699232103,-0.001172461641338946,-0.02232090009249532
2022-03-13,-0.2912491514867297,0.9743680894155408,1.4926313739775205,0.15470339412436362,-0.06448534798744276
2022-03-15,-0.5815284331933894,1.1520767823721574,1.7265158452559042,1.0113912415896427,-0.5830898590887728
2022-03-16,-3.060193469761387,-1.4014155627518285,-1.6901843541009844,-1.051915897291483,-0.47710457345579016
2022-03-17,-1.943870248453226,-0.7832305313997883,0.11068961679163203,-0.6636643955261636,0.20689426798219301
2022-03-18,-3.134236425966494,-1.788198454537675,-2.321790289390597,-1.5400440828117543,0.1928367751473843
2022-03-21,-2.9455102251716663,-0.8046016856754745,-1.3884991432149145,-1.8467534253383784,-0.5237376630382187
2022-03-22,-3.016447480178715,-1.2469974706827749,-0.9320619930709038,-1.0787190673168734,-0.2970259668951485
2022-03-23,-1.772359254470402,-1.0062120503352558,0.33403103041118154,0.10232870268828287,0.07355149494435409
2022-03-24,-1.1602278479668566,0.4715629511239674,-0.532277860832606,0.520800671926646,-0.3952739761123212
2022-03-30,0.49963482240473595,1.388448853787151,2.624265974254402,2.0295986359435396,-0.04814451153049504
2022-04-01,2.4334868274795776,3.6349799211368414,2.1386171153651032,3.442168733476967,-0.039928669734194955
2022-04-02,2.0779797427001627,3.0861943868337214,1.8718407650935607,3.0479336871367364,0.2652103811701636
2022-04-03,1.4765767512143508,0.8962246759007577,1.7492427602711058,1.8765944739138556,-0.04700815360888555
2022-04-04,-0.20518841190304943,-0.46821253868318047,-0.8589632360000954,-0.059950948463576736,0.23506719992826675
2022-04-06,-0.714500330411885,-0.4836491122098491,0.5843687176639787,-0.3055205632779586,-0.21767688510578864
2022-04-07,-0.26859341254297836,1.5356004730041861,1.1976542908107515,1.4784387001988146,-0.6043291843828911
2022-04-08,0.26366061004465946,1.2239022806861135,-0.24882697966620015,1.3265715194665375,-0.5093900651788772
2022-04-10,0.1055832886776201,-0.6175752111403947,0.11142533412089564,0.32426466174868707,0.11863751058945127
2022-04-11,-0.7675893789970734,-1.0263924331462206,1.126090513055925,0.20880857167149158,0.5355452246890309
2022-04-13,-1.1004573718917452,0.5437525566996323,0.9910680720774927,0.6651759539383295,0.08105993075980678
2022-04-14,-0.7610321230272036,1.1244569182569888,-0.10779202793626885,1.5867506453470446,-0.10098079555791628
2022-04-16,-2.367653388528495,0.17739842923348625,-1.0925798651366192,0.3711435963078258,-0.5520346794336319
2022-04-17,-1.8346268172312266,-0.10514038561636241,-0.36654042555939226,0.6269929417712179,-0.15998404313256742
2022-04-18,-1.1621393446363864,0.0938273558918512,-0.5586575870121762,0.33610597371018813,-0.49068051259928325
2022-04-20,1.9922874939711004,1.9286800140776406,-0.27207448009353974,2.8845956969702686,-0.025634509164547126
2022-04-21,3.4520196355551183,2.39771760477095,0.9273919071872236,2.3506063749085744,-0.19121606549833814
2022-04-22,4.290721134389835,1.7446902340538566,0.5185739193963901,2.59808780558371,0.3441449825819518
2022-04-23,2.7167208701656556,1.5028213830813737,-1.396326909435298,1.293685592482511,0.4421673948837679
2022-04-24,1.0080586275650207,0.735252814026639,0.429406274817818,1.100063367768903,-0.31172376137408264
2022-04-25,0.03969459569405608,-0.10231475468832452,-1.7058166136096085,0.7718435561866377,-0.04653539567834741
2022-04-27,-0.015439836676590133,1.4548674381691415,0.4010810736145758,1.6917888285283327,-0.606964516277344
2022-04-28,0.9193109449978417,-0.10241461219439385,-0.14121426198261178,1.0936266827116783,0.07928166206033893
2022-04-29,1.0747549593088337,0.6444828539297061,0.201283885867517,1.4011177909634587,-0.08380737317816056
2022-04-30,1.48706669672741,0.9327497404774854,-0.37720540278012615,1.6894127142153006,-0.014062858982129
2022-05-01,1.6795059127257894,2.6945903163084703,0.006121671189542877,2.9770314945442364,-0.44973315232357436
2022-05-02,0.03250777255990471,-0.332675604108265,-0.04659948644426315,0.715026732943087,-0.1598799902420751
2022-05-13,-0.6031308869037237,-0.9405780580329508,-1.3694914155774782,-0.11107936097600102,-0.24778467585861108
2022-05-14,-0.35370381713109605,-1.0627659847222577,-0.2572365991887434,-0.1635909539378993,-0.18730109814282514
2022-05-15,-0.16538063363369226,-0.4129140700866225,0.11405676939363107,-0.23885396797931102,-0.3342343069683693
2022-05-16,1.8787434300872228,0.6460758320618423,1.5880740779323226,1.1057061031430595,-0.07596223390339674
2022-05-17,4.312837553205663,3.2661530314550764,3.2794499904222203,4.290460573929401,-0.15722364812916112
2022-05-18,5.528731668684004,4.550692446147837,1.5129166351660421,4.270940383968522,-0.7983199697482632
2022-05-19,5.6240517487104285,2.8744958813830825,2.1572487398226015,3.044380869483562,0.42900218839133686
2022-05-20,4.45585264207022,1.7534570988062956,2.0168986983870765,2.3733025056800994,0.014328056276440293
2022-05-21,3.383639663578409,3.041149721937485,0.8628735695276539,3.730134781729899,0.21520017617035592
2022-05-22,1.6653523644214894,1.6107032030475885,0.9841002912974814,2.648616173177943,0.6780987664393479
2022-05-23,-0.01757078969993693,0.64106127852005,0.7289873580395909,1.6592438716426847,-0.13574114043672125
2022-05-24,-0.20548179939442296,0.7709205996108011,0.5152585199007597,1.2550482281204989,-0.2350659003607234
2022-05-25,-0.3097889348804532,0.9807740810934313,0.50534346246438,1.3744807758605473,-0.14468882376684178
2022-05-26,-0.13275447465628887,0.3724335268326954,0.1392513803790123,0.8078345609873214,-0.22004872907405115
2022-05-27,0.7374488709694837,1.0398175740783506,-1.0390551964666521,1.75325802364261,-0.17776050920167563
2022-05-29,-0.3297232124624508,0.227883918364019,-0.11634685449486748,0.7960682287992128,-0.014090352224343405
2022-05-30,-0.293833034806525,1.2853009452893465,0.799793150861518,1.8820331484683195,0.03495749306853213
2022-05-31,-0.884763506872327,1.535111769700468,-0.8583401401879781,1.7799240265864735,-0.7172601683686253
2022-06-01,-1.0591596858449426,-0.8236461924650051,-0.1732642358961849,0.2867824410227568,0.24021176493715757
2022-06-03,-1.696593409817935,-1.1888472614912275,0.0205785117288515,-1.0204424471879794,0.09744022134702846
2022-06-04,-1.8507855560838995,-0.9426342019650041,-2.3604527803782203,-0.33301743415596663,0.4846396316660275
2022-06-05,-2.1036151137422996,-2.261940628177581,-1.4870091858790448,-1.1664467827863874,0.12615470109847138
2022-06-06,-1.4082699869159072,-1.521233843550764,-1.764994773561162,-1.3273873249340986,-0.16746582283974476
2022-06-09,0.20335435927686885,-0.4711020921841461,-0.4583657390047097,-0.16797871996807323,0.11873170371598007
2022-12-06,2.8049948722327684,-1.9045269171445591,0.044922397678268666,-0.49538783177444046,0.5995345759665724
2022-12-07,3.6227550909752257,-0.11277768962100465,0.19303038760915747,0.21328892393166488,0.2634617670055377
2022-12-08,1.733700262422831,-0.9119666747271844,-1.1037284971431804,-1.0368100053539917,0.45318412389860896
2022-12-09,-0.3288583235227308,-2.021852600049552,-1.2685036372144811,-2.6627305452764256,-0.10959144622779604
2022-12-10,-0.25356013566061936,-1.114179922903932,0.21697710294152953,-0.7881824784889916,0.484051397431017
2022-12-15,0.3700742468021607,-0.9687952429904465,0.21799329542032111,-1.9319373929397934,-0.5234657012731532
2022-12-16,0.7308873083671361,-0.7154971327601133,0.37121598017178903,-0.9478447376136618,-0.2433466681374057
2022-12-19,-0.443204866314648,0.23990715034056875,-0.7270507319633396,0.2574132500213795,-0.4477589261249477
2022-12-21,0.7831178509085379,-0.552890780509421,-0.9836426527569402,-0.8496352259853241,-0.3847739615189312
2022-12-23,1.7510207152560988,0.049490364449155555,0.4459249436438978,-0.7936465124689202,-0.13249763886369692
2022-12-26,-2.3010609870877765,-2.791653404342449,-1.3685887066468545,-3.4621713405435965,-0.2373647565934789
2023-01-03,1.9181852457583877,-0.4308649056668983,-0.05067462502182818,-1.2256864644981549,-0.3238062246117579
2023-01-04,1.959749120990665,-1.6369781794109135,-0.991102433251605,-1.7045316813184108,0.20419082148669077
2023-01-07,2.138017267799963,1.5235068996995176,0.34011067164686937,1.196149669403948,0.009804330511201442
2023-01-19,5.759581189854218,1.474801261747829,1.625235935724887,1.4462733727659556,0.6366655552071734
2023-01-20,3.1861792544559266,-0.30248667295410003,-0.7930385197124075,-0.5611701796739341,0.6006699668070041
2023-01-21,0.6593721628511741,-0.9380945309972493,-0.7208299815943584,-0.6947158835837903,0.7260444335219063
2023-01-22,0.2904146552679556,1.5742875357836286,-0.39021812256503274,1.2854821468675623,0.38835435333521673
2023-01-24,-0.7706167744274491,0.09103777579234373,0.7935886290554194,-0.6945781346765845,-0.16536232100929737
2023-01-25,-0.8561308871094991,-1.0066138527191923,-1.3785118317536669,-1.804232495203558,-0.30223655950214834
2023-01-26,-0.9490999943756969,-1.6251235458253386,0.3349188587362659,-2.2932507090202,0.10315062439337908
2023-01-27,0.06704980933346032,-0.633566320118667,-0.008991846120967373,-1.1789442008691537,0.008758652833193992
2023-01-29,0.40611188086881594,-0.6717411028486241,0.10249588247523972,-1.7729526911880975,-0.39811300779570047
2023-01-30,0.6866442756397972,-0.08602949344276738,1.6844728302613041,-0.9659710195375273,-0.42274582019012996
2023-02-04,2.4673134805016494,1.3043819503305394,1.987377891417952,0.6737862452984311,-0.18088276413561744
2023-03-03,-0.1940039337678711,-0.8512174572029337,-1.0573708485676583,-0.7599390084448734,-0.5891637445689639
2023-03-04,1.8829083841559553,0.6685333398204558,0.09608377109561728,0.3590120355264461,-0.8717298528405308
2023-03-08,2.407254164235036,-0.18595110073876553,-0.12375064280321624,-0.6831817497892057,-0.45658833804066035
2023-03-09,2.1376104829251603,0.8647487811008188,0.6858238483007146,0.032490627329639477,-0.5192534010635654
2023-04-01,-1.4033911962154104,-2.108175689877373,-1.7138528541679108,-2.0487842736757473,-0.7530950274048109
2023-04-02,0.11427464166716354,0.1754447999135662,-0.8090845176012533,-0.46579657773896044,-0.3519227678752941
2023-04-03,-0.7729137091121892,-0.49010244603797004,-1.2866771862257642,-1.1701718157354186,-0.656040551684896
2023-04-04,-1.4957099456048881,-0.730458372289366,-2.105942911578958,-1.26314707948264,-0.5826064660385555
2023-04-06,-1.2776083830525122,-2.009153969740673,-0.6064660707739565,-1.8453583355332444,-0.3701318769936961
2023-04-08,-0.19272896763970015,-0.6836891431092553,-1.6343092673346917,-0.8464400144031776,-0.3138375741408481
2023-04-09,0.5856074668552969,-1.0304316691624475,-0.029648636902119746,-1.648831151019545,-0.713551337556737
2023-04-10,0.8736891995250532,-0.5550028484783125,-0.5903621905673677,-0.9204917801556334,-0.6049531163931761
2023-04-13,1.3372858133419234,1.6573257770948675,1.3212077687829666,1.743894640568543,-0.36745824361821633
2023-04-14,0.7514103424778252,1.2180801305801703,0.1607559195336291,1.6503938376735912,-0.23472605458687212
2023-04-15,1.9746136597757769,1.7522497321031503,1.088831057552635,1.6990065925219753,-0.2554948676586264
2023-04-16,2.219845958936279,0.733476426890106,1.0622590117488047,0.881564579273159,-0.6006550591341693
2023-04-17,1.8692576602138442,-0.6059447918364462,-0.250880649499434,-0.6732964111878323,0.31558799805588933
2023-04-18,2.0200574485816047,0.7345052700811647,-0.1605006468531085,0.3249858809902322,-0.49650232123383375
2023-04-19,0.1039426934185367,-1.753742042031989,-0.6577200848784592,-1.4789632831665376,0.027210521284018796
2023-04-20,-0.2789210552632767,-1.431398815489878,-0.6689628234083331,-1.6079988038514335,-0.14788930462611916
2023-04-21,-1.0133745601776523,-1.4192851397607895,-1.7472284006300645,-1.2493095562190637,-0.07827510688684924
2023-04-22,-1.0526633345434098,-0.4402520694073243,-1.2399174389000476,-0.7022273070665361,-0.11996898619065632
2023-04-23,-0.44757164867812577,-0.8516931778466067,-0.08023321516722881,-0.6615504559609118,-0.10975077411933398
2023-04-24,0.08538167041254431,-1.2274703124645756,-0.6745267176034794,-1.4322970894244271,-0.2698721857399278
2023-04-25,0.29646042991699306,-0.6230300576657124,-0.1627792313191373,-0.8363224084032681,-0.10621940531223117
2023-04-26,0.6956903340692756,-0.6064827896892,-0.6075430436622533,-0.477362525898892,-0.1209943857942335
2023-04-27,0.9516292072948344,-1.2822011697265567,-0.45059331786692103,-1.410106393746093,-0.06898313276371937
2023-04-28,1.3651106587966861,0.051602141890894515,-0.08845893927890902,-0.10052394487788519,0.12296866979920651
2023-04-29,0.3389557689153265,-0.11610909804255815,-0.3724717686454947,0.49816280225055803,0.1306859454672349
2023-05-02,-1.6640995707795005,-0.4905810782958344,-0.8219998464167155,-0.6823077445052057,-0.5267380920430469
2023-05-04,0.7304613480423826,1.0526789053429702,-0.6275341595621056,0.9090154862661397,-0.4156512936715444
2023-05-05,2.4872580439821705,2.21112415783777,0.7216501263500533,1.9085564517460845,-0.5112237171705374
2023-05-06,2.604856160881072,1.5903187108890064,0.4531716312290346,1.38611112917192,-0.5563520831882443
2023-05-07,3.4680208563227333,1.0989553475258793,0.5882851022600835,0.7293613640530507,-0.08041161646440287
2023-05-08,3.3651836973106164,-0.31312865747405905,-0.10338554577363279,0.19978794319113957,0.4620899663725595
2023-05-09,1.4556004054597143,0.12979264910646848,0.46842885543309576,0.7454896097859909,0.34069596221638676
2023-05-10,-0.13992213090181332,0.8677551932702736,-0.39224848860141537,1.1887713060154401,-0.030985760537419083
2023-05-11,-0.7684735340776959,-0.24350044117445968,-0.6351135823419926,-0.23188815298414467,-0.4671016234912031
2023-05-12,0.4445633529383801,-0.45232286532441957,0.473806753116391,-0.5522109994558435,-0.35236003925126624
2023-05-13,1.7623092286306001,0.25188543513205497,1.0348704649235567,-0.018901802680189927,0.11724565621534566
2023-05-14,1.324094972995004,-0.7239150621135269,-0.16850877037900602,-0.5767257011480251,0.2546875282818064
2023-05-21,2.9740328384401025,1.2851080432943198,0.19741362797246476,1.1828714653713106,-0.30295829595320356
2023-05-22,3.7202113208723544,0.6919549632152988,0.3403175653834549,0.044989237444085894,-0.016135901888446824
2023-05-23,5.255074494911807,0.26900591362091575,0.5811690725060794,0.2398784227481272,0.6838648399418616
2023-05-24,3.6693046060366035,0.48464233245320765,0.01322074359360137,0.6223727779732382,0.6241271033090925
2023-05-25,2.279395206723934,-0.6459893852946212,-0.00556684732488133,-0.5386919851120617,1.0560039138922548
2023-05-26,2.0622780433106906,1.3617397092451689,0.5340517453498457,1.4172499638666713,0.5891518542291578
2023-05-27,0.7845467133654699,1.0568790296381856,-0.7586192572290198,0.5093004045355094,0.6175558767201892
2023-05-28,-1.2779587079895547,-1.1489504392097671,-1.8577335336136747,-0.7921996294326982,0.48248586418048944
2023-05-29,-3.864352593915569,-2.536740675967705,-2.495708679543389,-2.4568683715343798,0.5234706147821271
2023-05-30,-2.176712094281871,-0.07819940062494846,-1.8419181965269011,-0.6881113407734203,0.05191905872402458
2023-05-31,-2.9122925576528678,-1.44198133033737,-0.9025091625117956,-1.5675862629889985,0.1890374652485889
2023-06-02,-0.8625545446288211,-0.9767006722458672,0.36229984129809534,-1.5145978149004684,-0.19913397386596898
2023-06-03,1.7027185627097272,1.0784647921349104,-0.5630458417179838,0.6419492185993727,-0.2928700815185721
2023-06-04,0.9368073499177159,-1.7959184156703474,-0.9754199288736944,-1.9193507549667235,0.25403526571165
2023-06-06,4.196548208698178,2.4657999099329384,1.053576172731697,2.858326813351398,0.35588497210119385
2023-06-10,4.455852802272398,1.9518515960809641,0.9215297552949604,1.7698915066630425,0.5601262174594694
2023-06-11,3.1503182711170594,1.2526671093709778,0.47297990742550944,1.8574309374884868,0.6161151774020937
2023-06-12,-0.31797644564182437,-0.2712115661399708,-1.048876686939118,-0.40370683911380056,0.5035284304424295
2023-06-13,-2.005012543293925,-0.6317260143311003,-1.8809222969383845,-0.23153992616268804,0.6127639544827161
2023-06-14,-2.4241958222126287,-0.7135124457308879,-1.5219757261457294,-0.21940913668389816,0.22549076985683314
2023-06-15,-0.7046242572188395,0.001637082412176527,-0.9201599011679673,0.13760014136146315,-0.2776097463536189
2023-06-16,0.7623582647013056,1.1149726037711243,0.4030465753372481,0.8749305137472894,-0.23039622537487503
2023-06-22,3.7665734424075685,1.311317374019814,0.6046352248568958,1.7025570868915354,0.6550922049419796
2023-06-23,3.346705036314945,1.8283075471395414,1.0007122271502498,1.8433162541202814,0.14880952909709322
2023-06-24,3.117352202131775,1.761796133091051,0.5877666492475355,1.8844120441275827,0.31792440792150956
2023-06-27,1.1996124128547465,0.06364244836840827,-0.9384194688457359,0.36627008928193294,0.2025381291565509
2023-06-28,0.9783304795018338,-1.008677639494247,0.6649179592095251,-0.9869979146165063,-0.07665073899272556
2023-06-29,-0.17822114303671077,-1.8198617981639589,-1.9069071587473927,-1.812379310060408,0.3949322034884517
2023-06-30,-1.4107876518293474,-2.7796912233062447,-3.3795233211434086,-1.6550441233104365,0.837181822403636
2023-07-01,-1.2734387117021158,0.6087303536691946,-0.3585681153280561,0.10277403570423793,-0.7301994111172689
2023-07-02,-1.5266348047243805,-2.142494450677315,-0.6785121641984758,-3.165153156805553,-0.5184063327523063
2023-07-03,1.1504935036932173,-0.4654761980118816,-1.3048926686380056,-1.5065146110795151,-0.4856297922108297
2023-07-04,2.546184692768739,-0.8219893515106418,-0.6154519806422178,-1.5373850846027082,-0.4488548364380449
2023-07-05,3.57087857467499,-1.0445778693151446,0.3595456809373023,-0.42408904432259753,0.3251108981669404
2023-07-06,3.4107330543716543,-0.12144458800612279,-0.16568878075061955,-0.48538042064247167,0.3773467326437867
2023-07-07,2.6746286116938123,-0.8796791327091795,-0.32840614099815957,-1.1594219603064495,0.5644012741360029
2023-07-08,2.185891549364451,-1.2743452601294973,-1.526995194673292,-1.833251940729835,0.353235127159337
2023-07-19,5.389425186076936,0.6500013405396263,-1.1533286593336225,1.0766841450587963,0.1929114151975
2023-07-21,2.239407587726367,-0.9039361881995962,0.9818629209409808,-1.1355659408974228,-0.15734461547458523
2023-07-22,2.6512269671029034,-1.197433965911625,-1.1371790867023508,-1.2275636839237962,0.35709326317407886
2023-07-27,0.268052397061404,-1.459036230183479,-0.5524470880525891,-1.1634938462470454,-0.01923407382798814
2023-07-30,2.2976465235078622,-1.3484850124462395,-0.7757280805481521,-1.59729170257918,-0.5262379043410874
2023-08-02,2.733111730538232,0.1340223480494429,-0.7723456241580715,-0.15618460561413983,-0.028605151146734897
2023-08-03,1.7956427671116633,-0.01810058921298241,-0.034868896459127274,0.018106973574339547,-0.17107285719612264
2023-08-04,1.7760076881593139,0.24075790468581215,-1.8133538923949133,0.0045827093224737325,-0.10766556527528337
2023-08-05,0.6903024099147922,-1.7771189249500978,-0.3668882757487335,-1.1280147729843104,0.23774238273779247
2023-08-06,0.8690171956505146,-0.9251603057240253,-0.6719788912495228,-0.3977267451466888,0.04254552825091196
2023-08-12,1.3132713152708257,-0.7580932686440724,0.7194721691351389,-0.6244924688211124,-0.2031279703094242
2023-08-14,3.034658032847762,0.8295363989902429,0.16757676863278004,0.9728075149393538,-0.30693089501016857
2023-08-17,1.5138344278118498,-1.5436747868282041,0.24690168081506902,-1.4569361703859736,0.22863733214626336
2023-08-22,0.19175697152813637,-1.3280039961241186,-0.7444911301422525,-1.3372800291102462,0.18469209985255475
2023-08-27,0.4468995063744826,-1.9533324219459927,-0.9398504122378801,-2.0335383285879263,0.19238217559882287
2023-08-29,-1.7551586005033033,-2.656955832854055,-1.9418255607332626,-2.471314212801942,0.14383133088381328
2023-09-06,0.0502361167012651,-1.296433449327564,-0.9966223637936681,-1.44888516450436,0.2389111151898078
2023-09-07,0.7894093328922129,-0.582130027435344,0.24808526747035242,-0.7945258610475903,0.1742009707560328
2023-09-09,0.23113995981915103,-1.3912575874069095,-1.2130693415067182,-2.0263468876509507,-0.10548630877701726
2023-10-15,0.6492608098642122,-0.6826821718525218,0.156853879157599,-0.9508685220495179,-0.03739389276518068
2023-10-18,-0.7316320851242062,-3.0255039780880324,-2.357864232226497,-3.234333095710965,0.295630546772486
2023-10-19,1.203162249313787,-0.25637882955881675,0.0903752405709799,-0.40185754685450203,0.0620336967252797
2023-10-20,-0.26726513828892445,-1.8913090056594517,-0.7145975350797305,-1.9746380787077444,0.1366414989728355
2023-10-21,-0.3126648819857128,-0.6462854494447896,-1.5358393914359993,-0.9728021389730435,0.07258711592044165
2023-10-22,-0.8111228529668543,-0.9889805412610116,-1.8097453574441622,-1.5712580531463207,0.17771218985217274
2023-10-23,-1.0694704375082453,-2.1012888546827786,-1.4789880338664245,-2.846822295294075,-0.05207690949566768
2023-10-26,-1.2000229340103494,-1.9960602873386422,-0.22563401931359373,-2.5695793842246304,-0.17463157705117283
2023-10-27,0.4352738976188275,-1.6087139078295747,-1.939894721209963,-1.9066891649981543,-0.5486729336804501
2023-10-28,1.4124914140805025,-0.8661481840684022,-0.7215471641543744,-1.3373270672496416,-0.42397839602006115
2023-10-30,4.92606335071476,0.6612493210119363,1.4251666579922149,0.4416927014739347,0.09542656942551275
2023-10-31,4.085486125735336,1.2378390311746421,1.5558440340108333,0.5884915311431076,-0.25145176353498755
2023-11-01,2.413864578931221,-0.5674507742829795,-0.11249837808220153,-0.2488011625415778,0.5969859141488314
2023-11-02,1.7239985725042497,0.32369751745460285,-0.4668839614751201,0.08042491050130685,0.13770306372043706
2023-11-03,0.7604872089393993,0.8197110786366807,0.3722347435015061,1.087873216885631,-0.08369172703271488
2023-11-04,1.345706780590839,0.5239340222507013,0.8321064843114766,0.4546713968139846,-0.17201183720590052
2023-11-05,1.56972420481026,0.48630445120686266,-0.015183804802334055,0.1571505721784815,-0.29731580423424475
2023-11-06,1.8280496378838385,-0.6696454358506383,-0.21186104569196917,-0.9946642776800401,-0.10542777344164733
2023-11-07,2.5627253444525717,0.40539473271877546,-0.8538655360315608,0.06402035367620229,0.20111591334432433
2023-11-08,2.8787012425069496,0.6686042888943347,0.11946546376984113,0.3052243770837144,0.24207555235113887
2023-11-09,1.8339788862989124,0.6707111434598991,0.3226774090295792,0.25357283805245445,0.16267102791857724
2023-11-10,-0.10497919737831593,0.17491051601115337,-0.5057136702985412,0.08845623648444809,0.21334988074727335
2023-11-11,-1.14534324782648,-0.1210775494109455,-0.9642532747401091,-0.5413242733938315,0.0642185042975143
2023-11-12,-1.5320247950066432,0.276203895327487,0.32107166039936264,-0.7466530299852141,-0.37531738714994844
2023-11-13,-1.4882582018963464,-0.44596955155183604,-1.7379762572714554,-1.4186303032160605,-0.07251666882621066
2023-11-19,-1.007323432442671,-1.2321602523076651,-1.832576346953303,-1.714967070977068,-0.17570197927830122
2023-11-20,-0.30868461911340417,-1.2298215106024497,-1.1545685034374913,-1.3555126703847844,0.06996551352358438
2023-11-21,1.4741906695250333,-0.1883466615418867,0.2766345685261633,-0.3653278679911673,-0.4439201911202417
2023-11-22,3.5989299883026367,1.0658328443239045,0.6566128159824118,0.6250591325375088,-0.8296796349118267
2023-12-02,-1.099507655917448,-1.009313413543835,-1.6779419122374797,-1.0082289239563589,-0.2414448556763773
2023-12-03,0.9133105953994061,-0.04512861802765526,-1.8657573734143287,-0.6325528097252748,-0.20592879671039555
2023-12-06,0.4397196353804487,-1.6872684547283578,-1.0999840878079545,-1.443032659649556,0.5364234075759668
2023-12-07,-1.6046258798119941,-1.9188203774726593,-2.198638052405083,-2.160304028963241,0.08848415186957936
2023-12-08,-0.20469772247861645,0.7966874058276255,-0.6469333969376021,0.20882356785490097,-0.11789692616002867
2023-12-09,-1.598665302285622,-1.1509617740105116,-1.2988095343954702,-1.3947892468658898,-0.1426580042113983
2023-12-10,-1.224516975845107,-2.0597361277892023,-1.6017177158948406,-1.9134811044252755,-0.0643639576495616
2023-12-12,-0.2648184910042507,-0.6824166328866985,-0.024712043744582468,-1.181868066759071,0.12035858777369413
2023-12-14,-1.1673290326295185,-0.06232426837512084,-0.8497213099359953,-0.27983300383288956,-0.22222536254048464
2023-12-15,-0.9039883216488541,-0.34045702764639607,-0.6921782055373241,-0.8257840804172203,-0.6132670815958363
2023-12-17,-0.14558097148344595,-0.7534392246895878,-1.4027482376008429,-0.5397855679654078,-0.43189811372644726
2023-12-25,1.9865146273185446,0.20232257145419075,1.126128918332689,0.40070058831215283,0.06396464323188411
2023-12-26,0.26393497200594873,-0.4905249633161147,0.4420502095047478,-0.652213688719097,0.18823083305403543
2024-01-06,1.4770193732453747,-0.6356456924834072,-1.3712488248807437,-0.4846810327978265,-0.19548330787552004
2024-01-08,1.8817255296087279,-0.6741621496159609,0.9990374695181115,-0.13834832973179734,0.10240108180300922
2024-01-09,1.3426312765657673,1.064577355499924,0.5710578616994375,1.1224031631858826,-0.04755981109315144
2024-01-10,2.15264849151134,2.3399640768569157,0.2837835013420764,2.1226809399382156,-0.3465414598770167
2024-01-12,2.40947777537652,1.4039890575706724,0.9125880027356121,0.9112738377026859,-0.13819347073660992
2024-01-13,2.2295823035590208,0.7985552773189322,-0.43666840453477374,0.32769552600829455,0.0027384219803252563
2024-01-14,1.127894105017276,-0.896747884802753,0.5695538769877588,-0.8027136319196361,0.2271762150886616
2024-01-15,1.8775530588116618,0.06342144676538664,0.6120828314348921,0.10139038259368349,0.04694354365244635
2024-01-16,2.2199362822326134,0.8082214588296976,0.11919139392940004,0.2902149458800847,-0.03744376175461639
2024-01-17,1.8000995510414544,-0.3287879125989921,1.3185468332466646,-0.617696616257164,0.002946693645981213
2024-01-18,2.689215808016603,0.16588911315751798,0.621962875706338,-0.1087410706559977,0.026640278809964002
2024-01-26,-2.512905977405188,-0.8888898292155811,-0.2769571027105129,-1.7867645518134925,0.2888364751597692
2024-01-27,-1.2452784405357917,-0.42978272441571286,0.43467982582279463,-1.1968314032223057,-0.08426658949974808
2024-01-31,1.5179097322603683,0.7013185387703214,0.10130729404223782,-0.02833086407277774,-0.3146968990034793
2024-02-01,0.7971364271334686,0.1403569583925785,-0.7975135732207177,-0.7086857408659436,-0.12410708446952867
2024-02-03,0.2081458814260812,-1.6577225652764453,-0.009765232070951174,-1.6215459444497509,0.19390226013433676
2024-02-04,-0.7749099646872029,-1.2189890863351645,-1.112915609667957,-1.4675630062275964,0.2266491239250854
2024-02-11,1.9454741413495356,-1.322228107621687,-0.5619732363832943,-1.1021038916880463,0.2750286619727831
2024-02-12,2.1689807308208002,0.2556932086451327,0.2866069784975811,0.40446984899917204,0.21764168054710353
2024-02-13,0.11715435833087795,-1.1177925588223956,0.1636674398046929,-0.9409381015219902,0.3385052228297809
2024-02-14,1.137627650085044,0.5426850787124538,1.354708458037229,0.5697219781531224,-0.09179110657214551
2024-02-15,1.1026737333968288,0.4551348654818864,0.9504971930572117,0.3999995662382285,0.42927011030917583
2024-02-16,0.888610179277011,-0.5912121818906635,1.1132440209327572,-0.7357307360089338,0.11518172895364387
2024-02-17,0.4076001729972666,-0.9688819540496865,0.10915650032936719,-0.890468500817853,0.04154951619148051
2024-02-18,-0.8960751270836876,-1.6288158805715551,-0.8076080242254956,-2.0269593790963008,0.14053312127907702
2024-02-20,-1.5401860181566942,-1.1207098263751027,0.22303226161786371,-1.3231950858898398,0.01959559498868657
2024-03-01,-1.0383278533536076,-0.7196807068133653,0.25783401663608774,-0.9685790331509687,-0.04901455294918833
2024-03-02,-1.9661880316697418,-1.0435743533108919,-1.944113862813122,-1.3208570228623868,0.03773703732122158
2024-03-03,-1.254355202884246,0.739748590564518,0.5894745620585544,0.2523662245329563,-0.20978403001504375
2024-03-04,-1.1182361996492014,-1.0025565202046713,0.46489201195579244,-1.097159588086853,-0.6070537889991101
2024-03-10,0.13354635614775173,-1.846218690642568,1.4761412190976264,-1.9537001243091558,-0.18534005016192623
2024-03-19,-0.8113895111409655,0.29369479354823036,0.9910371571292333,0.16552370021164453,-0.8528671222079538
2024-03-21,3.0233906045144034,1.7660481418497023,0.7962603565353075,0.7528023179369299,-0.9326338453079188
2024-03-27,-1.006970150503669,0.5117399012696074,-0.0537659913571964,0.44999365522861356,-0.12638267585441554
2024-03-29,-2.8319691556892805,-1.9081035755194127,-0.19110598172165627,-1.8744422397863758,-0.26158182834024046
2024-04-03,0.1076068192887245,0.24792499848852967,-0.27561410463974667,-0.07734196499282575,-0.44509861514598015
2024-04-04,0.22476994063744854,-0.29015511982670505,-0.7743685038052669,-0.4544292805718375,-0.47257514208160956
2024-04-05,0.1775507941440438,-0.6768523452590589,0.01333940287590929,-0.9530568077834617,-0.39244036238812896
2024-04-06,1.443552897026994,0.7920113786871907,2.3447081486709993,0.9109633673240284,-0.184380132904721
2024-04-07,-1.0249835728104477,-1.8822925680845009,-0.563778532005585,-2.0042079361188048,-0.23362560877103533
2024-04-10,-0.796620316377993,-2.208603777462131,-1.7681089044663296,-2.1906487652318685,0.042219381367090136
2024-04-11,-0.6721149246141008,-2.0927967238539558,-1.723084028749153,-2.1691236541093586,0.1563871298264985
2024-04-12,-0.8693303066692786,-2.542137047997193,-0.21490827386015932,-2.4093173562112624,-0.07212914773469947
2024-04-14,-1.2212938231672896,-1.8851997990085838,-0.13362189926406232,-1.5952328882048237,-0.35738835778590783
2024-04-15,2.1914198765850834,0.5457879251561296,0.9605037146789249,0.7861934909673833,-0.4275090609293102
2024-04-19,9.726954042342298,3.4413631780931526,2.400161256822768,3.27927830613611,0.5101852406586431
2024-04-22,2.5588586649809204,2.1932531678672595,1.644017814846733,2.734517178301153,0.5652169052026466
2024-04-23,2.0669412863526926,2.5266220948123608,1.9675232814856942,2.8759597818037297,-0.16763679869779935
2024-04-26,-0.14194399287687337,-0.9159182310587113,-0.6909517048063137,-0.42072566981058673,-0.06717725267992591
2024-04-27,0.9278776551640329,0.5851218454566537,0.22048662504452243,0.7087370260491395,-0.12659778335967076
2024-04-28,-0.6845188154151061,-1.1119934755520366,0.01854824223353496,-0.08309616774397,-0.042947782201508744
2024-04-29,-2.134284126611123,-0.24496219797219698,0.4284377348337163,-0.07398458065467928,-0.34510511233202124
2024-04-30,-2.5327227115263473,-1.1007909002757548,-1.4058843596411703,-1.1017812536941332,-0.2153583847543814
2024-05-01,-1.4591169686900043,-0.9544622654673842,-1.3367867074675719,-0.984347195428581,-0.26839116312680744
2024-05-02,0.8189043288495609,0.11739043578983285,0.19502874373751772,0.132517915982516,-0.327558536149013
2024-05-03,2.3014573870608555,1.212446503251222,1.0473649142712231,0.9156554263749654,-0.25082773611165976
2024-05-04,3.2489474790427018,0.9101147828723581,0.6662382386082939,1.1114679234415754,-0.06192396706762793
2024-05-06,1.7848213794721977,0.09580902823612925,-0.3697157417278154,-0.1007885426173809,0.34985689660243224
2024-05-07,0.9275685679972026,-0.6105217317090277,-0.14386646885624232,-0.28255379873751685,0.38672668830668044
2024-05-08,-1.2426041178692735,-1.5139772951713848,-1.7468265343364802,-1.9535500933817764,0.041417420058678545
2024-05-09,-2.569878948269256,-1.4143367152865283,-0.12005552391947139,-1.0288951963350388,0.27901530239569183
2024-05-10,-1.811865620328656,0.41417370821041954,-0.8862850487648798,-0.46672574934591404,-0.4609387580743487
2024-05-11,-1.4509567539059383,0.0006788745583594658,0.28442985870975734,-0.7770668776020837,-0.43766078297983313
2024-05-12,0.5996725388157174,0.37002381698920955,0.36792403863499656,-0.28322570171421235,-0.5935832485810124
2024-05-14,4.448437312185886,-0.07277670725072483,1.4536903509244534,0.4809574540755932,0.1526345697641318
2024-05-17,7.798713627349702,2.7902935185546074,2.850173104241721,3.606862476588181,0.4774628945298218
2024-05-18,6.385715130552901,2.2331850040317986,2.6211048826851435,2.736393550917703,0.5706071459374016
2024-05-19,5.785797532468995,3.2462587291816485,3.1446158806441638,3.9813979891834763,0.7413850325157227
2024-05-21,3.572194572326124,2.467826558085366,2.0815598309886565,2.3837021436331387,0.14812564023793584
2024-05-22,1.3401938089371899,-0.3538264596035834,-0.45432069758081406,0.015538923109586156,0.7382225274160419
2024-05-23,-0.7538386948318325,-0.9431898609514017,-0.71352449577052,-1.2026921247760802,0.2481185782587545
2024-05-24,-1.8820059998665903,-0.7002832849074825,-0.8581927022827016,-1.2290310025117215,0.07739006550514205
2024-05-25,-1.1537282489276195,-0.3989017822143568,-1.4447920339975349,-0.11958700917824072,0.05646416259764919
2024-05-26,-0.5593765092051167,0.9455111496191262,-1.0579759777605826,0.47749878153581804,0.0074915650866387296
2024-05-27,-0.6149427954620386,-0.9892415555631101,-1.086859970506743,-1.0382691786944975,-0.0221614470123086
2024-05-28,0.27906971826695437,-1.8236403884094528,-1.451705937721548,-2.1290100149955435,0.10350087584379253
2024-05-29,2.148297258433821,-0.5926368516876575,-0.03052247141803832,-0.9913045812502852,-0.023591336720755862
2024-05-31,4.347258075023608,0.7265499528154544,1.110762876409388,0.17140764686769128,0.17235929657238103
2024-06-01,6.052740990083837,1.9403353562645371,1.896939631903428,2.3849134259271842,0.5659786148441981
2024-06-03,3.4437843613188504,0.5199756986407995,0.3973491878590085,1.023471758514522,0.6468594845733833
2024-06-05,-0.007924646257441922,-2.1813243563035987,-0.2000920527819885,-1.8245185412756528,0.744336181620838
2024-06-12,3.9510686515262603,-0.8640244966078483,-0.45626851963991477,-0.46202480455112127,0.013504048734375829
2024-06-14,4.288694844609444,2.0165819131999316,1.913444041492275,2.4263461920013767,0.45638545289523336
2024-06-15,3.922590737727478,1.3398433404550234,-0.20728848500473163,1.206152572329842,0.4913667611820074
2024-06-16,4.215109075777489,1.6794850469415104,0.8768008720088405,1.3249166527232012,0.6450251514622778
2024-06-17,4.122755208382544,1.4734665810585348,0.07700298695246222,1.4892740009151626,0.900428571179873
2024-06-18,0.9021942275118655,-0.3898548749702302,-1.4659942477322123,-0.24485528278493973,0.8874586688583577
2024-06-19,-1.8368999780880122,-0.6186754410591909,-1.60160699240792,-0.6775367764198472,0.5558183997601418
2024-06-27,5.460271965802933,0.0028072174885460655,0.7892891366590149,-0.30105652012999506,0.063222341139749
2024-06-28,4.744580194385714,-0.3055759945342107,0.2354069247159929,-0.8095082007966798,0.04365351198441658
