date,rv,rv_corrected,rv_drp,num_binned_obs
2021-01-01,-1.204024229071604,-1.2520205282084267,3.477595849630699,35
2021-01-02,-0.8933008502864025,-1.1350737607070973,3.668658388551127,20
2021-01-03,-1.482090284523467,-1.5482970422682472,2.917677098424498,32
2021-01-04,-2.166183033904527,-2.1742966329592184,2.2642976222914113,36
2021-01-05,-1.5680245187998407,-1.8730611926149294,3.0469981231514565,21
2021-01-06,-1.5541469026637746,-1.8019840252010937,3.1354218093218034,21
2021-01-07,-2.1661180711444956,-2.375631631926417,2.2145898150733867,26
2021-01-08,-2.56042011964169,-2.330216525263923,2.151672397917581,14
2021-01-09,-1.9171354831670522,-1.91112778855422,2.5343787577093435,38
2021-01-10,-1.4510765702899535,-1.4469049520969273,3.264047001186543,37
2021-01-11,-1.7115372767190655,-1.6282711875640021,2.780058769854432,32
2021-01-12,-1.5219074387984037,-1.5050675282515988,3.2605319802018196,27
2021-01-15,-2.332279725373362,-2.336458264681165,2.4737473398720455,39
2021-01-16,-1.967396767756288,-2.0045300087762015,2.2044176833391216,32
2021-01-17,-3.1021559676626116,-3.058961529683039,1.4832629003452835,29
2021-01-23,-0.8940639331664183,-1.4282809125237557,3.5856150140294307,8
2021-01-29,-1.3361326601525618,-1.331391959786092,3.093883478639037,7
2021-01-30,-1.62470391723764,-1.5529282665031563,3.1469098431811116,28
2021-01-31,-2.1156077299648177,-2.0498158469617076,2.340977682927403,15
2021-02-03,-2.0837604147510174,-2.0646342358034495,1.5610851795847536,16
2021-02-04,-3.024994949047514,-3.023764821031278,1.5697791926950755,26
2021-02-05,-2.968837458050222,-3.2099272885814236,1.459689790273666,21
2021-02-06,-2.9072531528132157,-2.946832118110584,1.7271876005878761,33
2021-02-08,-1.4626379296115308,-1.4674110917125445,3.0695184213723747,33
2021-02-09,-1.8284315320665634,-2.2894955267763315,2.465496204699824,10
2021-02-10,-1.7255746580067068,-2.0955786893137267,2.3097091438587514,15
2021-02-11,-2.522460282807234,-2.566057497603182,1.9962466799372525,40
2021-02-12,-1.825132557838134,-1.8605411672337988,2.4471099885698955,34
2021-02-14,-2.4241580254653323,-2.5108702722474585,2.025331913785955,36
2021-02-17,-2.3297979154274175,-2.88857032948137,2.2422051986584757,3
2021-02-18,-2.182575077320881,-2.243353211438397,2.3568622045166965,29
2021-02-20,-1.698574440830757,-1.8324247980663424,2.7291344682539576,25
2021-02-21,-0.8726067197827309,-1.0407445463097806,3.905317579742884,23
2021-02-22,-2.21129477401012,-2.3239535594838063,2.4680424015636193,26
2021-02-23,-2.2471084634052896,-2.5014643355733295,2.899457534342398,17
2021-02-24,-1.5821933040710987,-1.6208474759629357,3.395579765864909,34
2021-02-25,-1.7393755417189032,-1.7397945542253577,3.0706891642646728,32
2021-02-26,-2.3386012832231864,-2.168560543567284,2.546629663284783,9
2021-02-27,-2.442881272929612,-2.229461501488444,2.3176929745393204,13
2021-03-01,-3.593945409550836,-3.616078795024954,1.207402069283825,18
2021-03-02,-3.3758225150411976,-3.3671550162289337,1.4997166014282248,25
2021-03-03,-1.8944893914306595,-1.9542095707393405,2.3949423253815105,9
2021-03-04,-1.356018320980061,-1.66813158232409,3.303591045481835,1
2021-03-05,-1.7644541582171267,-1.7340928541934695,2.9218273982494214,28
2021-03-06,-2.1390542309733815,-2.1565422205579,2.4939006412180165,27
2021-03-10,-2.2355351235389667,-2.2510122557977916,2.17111633401168,29
2021-03-11,-1.7792376570906783,-2.058005094732847,2.554553397413728,7
2021-03-12,-1.4838168121374964,-1.5306976625284932,2.793162700197249,4
2021-03-14,-1.4026392269742445,-1.4779793401811034,3.027174097419705,34
2021-03-17,-1.4206181628862595,-1.5598451900762476,3.1423731635139562,19
2021-03-20,-2.329951681754863,-2.340760861452676,2.006857126002015,34
2021-03-21,-1.8358408854065407,-2.1985651150508527,2.5371972804795195,4
2021-03-22,-1.2316761378199106,-1.2332026514739534,3.327332417366491,38
2021-03-23,-0.7463269896577467,-0.8878940803737907,3.734060315057408,18
2021-03-26,-2.687287564148443,-2.886442907369191,1.90254484737018,20
2021-03-27,-2.2081329094679467,-2.207438741831622,2.41033724960682,35
2021-03-28,-1.754916115705244,-1.761820902578429,2.770441225940168,38
2021-03-30,-2.7429503717397385,-2.746022880236157,1.7555191770727285,37
2021-03-31,-3.2719358316298033,-3.276805314976405,1.2100965473172964,37
2021-04-01,-1.4816580591660582,-1.6149594504701685,2.786742665865538,23
2021-04-02,-1.4494599303870523,-1.4442579882207127,3.030796078606457,35
2021-04-03,-2.036452812149088,-2.033220689129106,2.213150872702907,39
2021-04-04,-2.477540695570739,-2.4761800544690766,1.8496440335405984,35
2021-04-13,-2.1242086030610254,-2.2217128449491588,2.529413506065614,26
2021-04-17,-2.2332521106707377,-2.2126608848471365,2.3149588633637475,33
2021-04-18,-1.642724773298279,-1.6847485279049939,2.800822329825925,22
2021-04-19,-2.2436517219075918,-2.244978522252025,2.137311118682761,37
2021-04-20,-2.2022363298390495,-2.4437289819664585,2.3884671914936595,4
2021-04-21,-1.3087970700068912,-1.2926335173880295,3.182828335462129,25
2021-04-22,-0.9744628211564414,-0.7349021300672173,3.7765808522539634,4
2021-04-23,-1.2919528381182535,-1.3084898014959514,3.157678117670315,29
2021-04-24,0.6606391119892567,0.5870801348836023,4.973435792403724,25
2021-04-25,1.3992481468192202,1.2574040964183864,6.07991781731787,12
2021-04-28,-1.8247664900585217,-1.787937483235239,2.874386972152032,1
2021-04-29,-2.686494873618549,-2.683236555168662,1.8313610726485852,35
2021-04-30,-1.8861057531394378,-1.875460938093439,2.295850838115232,22
2021-05-03,-3.1568470841537106,-3.1437112432617518,0.979742398560135,39
2021-05-04,-3.9779871484932805,-3.9657598302044113,0.2803973454895692,27
2021-05-06,-3.1723421076042544,-3.18816102308839,1.1910019166759822,31
2021-05-07,-2.933319377393987,-2.912613533096481,1.4037591833447882,39
2021-05-10,-2.2228016198616123,-2.1832654912851552,2.0752566727660904,34
2021-05-11,-2.495550918601088,-2.511570057938811,2.025773417597798,35
2021-05-12,-1.7834612675620733,-1.7825612549971015,2.3656458564048632,33
2021-05-13,-2.4942378963160925,-2.460994323879277,1.9755100516107849,16
2021-05-14,-1.976689164904143,-1.9262270823390488,2.1640161828483384,32
2021-05-16,-2.790761292510773,-2.7642638452469783,1.7208613368899783,39
2021-05-17,-2.6806314058051415,-2.6585359455512405,1.5105505700293564,33
2021-05-19,-2.7527508316170266,-2.733824020576547,1.5234080119383986,35
2021-05-20,-1.4066989597921462,-1.5082130401246228,2.524084172740526,16
2021-05-21,-0.8078222852713572,-0.7739023906675121,3.324209582679871,34
2021-05-22,-1.3803739356077789,-1.35498414758784,2.9701048975483424,37
2021-05-26,-1.4326759909359692,-1.4770266504643177,2.9729549544884604,9
2021-05-27,-1.9654557261129735,-1.9355475668739341,2.7636178590696447,36
2021-05-28,-1.7704345113043005,-1.74179550774555,2.6025309990436174,27
2021-05-29,-2.91276862717286,-2.8783016425659875,1.4554117325903393,35
2021-05-30,-3.8601591144124665,-3.838178808883115,0.24787381474788983,31
2021-05-31,-2.4134067015606853,-2.397961283196635,1.6883167183142644,25
2021-06-01,-2.4523784546251606,-2.480699279354411,1.5352276963289668,24
2021-06-02,-1.838627238483396,-1.8345836331230732,2.128083363362787,24
2021-06-03,-2.469424390749352,-2.4303420796802673,1.5098628127446778,30
2021-06-04,-0.8196504116030294,-0.8755027325777532,-8.281900982943569,12
2021-06-05,-0.456242985382546,-0.41006631372372965,3.4974282766557785,34
2021-06-06,-0.711473253115238,-0.6880071822256849,3.3916717888741177,20
2021-06-08,-2.7395406650002907,-2.7098788878806417,1.793685577111237,12
2021-06-09,-2.7470077189850683,-2.8357670876084695,1.8302735774285983,3
2021-06-10,-2.8939910330646805,-2.8025585116716614,1.3957093676605359,19
2021-06-11,-2.8158762487788014,-2.7741631319167235,1.4325931936379765,33
2021-06-12,-2.694016573419759,-2.6530288437139333,1.3273381517001637,26
2021-06-13,-1.782703857858773,-1.7199843412484395,2.1384246592581757,22
2021-06-14,-2.2600312772922533,-2.219412885427631,1.5074951229547828,9
2021-06-15,-0.8137095454751231,-0.7844889553877642,2.436758053119603,1
2021-06-16,-1.3298961876563942,-1.4200278567303606,-3.6120002944313168,10
2021-06-17,-1.3635233665322686,-1.4008196461788116,2.5334227266666787,17
2021-06-18,-1.3159897865867887,-1.346299926019689,2.6922771441256765,16
2021-06-19,-1.8708676681203276,-1.888512182602968,1.925407242519439,11
2021-06-20,-1.0678718567504186,-1.0438335039414557,2.7897114160374548,4
2021-06-21,-2.205629188462984,-2.144751657352665,2.010051261782886,28
2021-06-24,-2.959181749817313,-2.82139903747496,0.38026744716113114,3
2021-06-25,-2.3202306764923852,-2.197348205330096,1.5455639170034452,19
2021-06-26,-1.9147848014900073,-1.8043740729066418,2.167273170241679,9
2021-06-27,-1.1126549462497448,-1.0512452326906685,2.5195429390263424,27
2021-06-30,0.7194950867456212,0.5770671992529839,4.131574226092782,8
2021-07-01,0.10751563645533371,0.26514592014012095,3.252113115049693,5
2021-07-10,-2.330225371762507,-2.2652053164301713,-3.4525003007682686,27
2021-07-11,-2.262032523789452,-2.297543429808028,0.948730645614515,21
2021-07-18,-2.972312268563543,-2.604810566286915,-14.850768580813135,1
2021-07-28,-0.7447983431609848,-0.7665988187482724,2.7946242925083187,33
2021-07-29,-0.8144163856200145,-0.4404206079301144,2.2500698491252358,7
2021-07-30,-0.6381793157898464,-0.9846905564708178,2.461106668129154,9
2021-07-31,-1.7131801043361037,-2.11017525455287,1.5467301220993823,2
2021-08-02,-2.4309096891997495,-2.4602618718844935,0.8503007096544168,30
2021-08-07,-2.6400090151505275,-2.958106986677767,0.3944981661631042,14
2021-08-13,-1.3446200063530105,-1.2264141151348205,1.805205552377065,2
2021-08-16,-0.9565007260768867,-0.8640730472749746,2.1417888993497947,2
2021-08-21,-0.5884326303832356,-0.6968388142008751,3.055727313461154,24
2021-08-22,-0.9676946618910396,-0.9752535854865229,2.816998637137025,40
2021-08-23,-0.8353097463480914,-0.8529746508193425,2.667051085632033,40
2021-08-24,-1.6041562681711203,-1.5913904759614383,1.7630266496510005,44
2021-08-25,-0.38548228897590153,-0.4172713550212873,2.7108208023273184,39
2021-08-26,-0.13914626549428738,-0.23107269387976556,3.174913796669787,36
2021-08-27,0.659646589336133,0.2881506956831262,3.7120459554355056,19
2021-08-29,-1.7061705063047354,-1.840690998818932,1.7549790595252635,33
2021-09-04,-0.2234552647786379,-0.14649640624444313,2.653798451214051,21
2021-09-16,-1.9425988005936266,-1.6701242078304774,1.5299084918790617,14
2021-09-17,-1.6190308000061657,-1.2926379563385177,1.285608430068641,8
2021-09-19,-2.238023435289786,-2.0302753016114914,1.137110658876339,2
2021-09-20,-1.5992819938461638,-1.5788687261597025,1.9678732207569771,43
2021-09-21,-0.6418005167411036,-0.5099162861801675,3.021152330274335,41
2021-09-22,-0.7751657248532388,-1.1690135652223335,2.599439879712895,6
2021-09-23,-1.0592321983430595,-0.47645428580087307,2.5571697356381318,14
2021-09-24,-0.48824378066945856,-0.4740249795546306,2.8724018371339977,5
2021-09-25,-0.4038356886060888,-0.9570673488702427,3.198024409575617,12
2021-09-28,-1.1098510028294102,-1.0712150359464623,2.476329239275654,37
2021-09-29,0.07378338747376725,-0.1883960164642089,3.7777016660651697,12
2021-09-30,-0.6338034536632473,-1.0908852813138241,2.6224255735675106,14
2021-10-01,-0.43764545303866,-0.5868176721853932,3.2987375167778943,10
2021-10-28,-0.3815087714383458,-0.3125843104315826,3.612929492570416,44
2021-10-29,0.9005663047635185,0.9831225159544099,4.8454045687639224,47
2021-10-30,1.2223708591965607,1.3134247682940072,5.494523475911395,46
2021-10-31,0.21953355359753762,0.3090421573393088,4.144763931883566,47
2021-11-01,0.10450163048935386,-0.02652750969789576,4.254007352042066,17
2021-11-02,-0.5142963590412817,-0.8482451918032752,3.843959233968186,23
2021-11-03,-1.1865429597641515,-1.123171806342379,2.7897824373142033,46
2021-11-04,-1.4449272539496822,-1.4092184243023058,2.5934512061137616,43
2021-11-05,-1.145787796877816,-1.259891647641485,2.9540029098644727,28
2021-11-06,-1.2762811638923504,-1.197967137090476,2.207812702033518,48
2021-11-07,-1.8523479552385336,-1.6661686003389893,2.256889487756819,21
2021-11-08,-0.3560818131719674,0.0054901470191424245,3.2363046202804613,32
2021-11-09,-0.6941452538140324,-0.28415161149656254,2.994101071488453,29
2021-11-10,-1.1132263559013509,-1.0359551831486085,2.5723636323855548,48
2021-11-11,-0.8060446695157242,-0.7309616288064132,3.229172189877172,47
2021-11-12,-0.3721064538735599,-0.2873908223704306,3.647006804836206,45
2021-11-13,-2.0413002624023466,-1.969391216318167,2.0357946663726034,48
2021-11-14,-2.83113416321427,-2.7540788900802844,1.2850348126478561,46
2021-11-15,-3.508133686493538,-3.3453802008947324,0.643924990543554,40
2021-11-16,-1.565674886446414,-1.9744147894034885,2.2991784258098447,4
2021-11-18,-1.1725544485927617,-1.223344606577569,2.7113480761381537,34
2021-11-19,-0.9658997638140185,-1.0175043589759203,2.715234178222725,26
2021-11-20,-0.1232071298104074,-0.9369861132276549,3.4204451054649088,1
2021-11-22,-2.038178776935723,-2.1148354298161443,1.2263158351393244,2
2021-11-23,-1.7186084487036304,-2.140039906651518,1.3012315686321552,1
2021-11-24,0.10691531331491681,-0.40625489612929766,3.818102854593053,6
2021-11-25,-2.531689390420654,-1.8184026780867704,0.8387363265457415,4
2021-11-26,-0.5513981504835868,-0.5082932847329654,2.8816032765639488,44
2021-11-27,-0.7608726677352009,-0.7522382999548204,3.0272917566960267,44
2021-11-28,-2.98630807611394,-2.9622549466984274,1.245482995757663,45
2021-11-29,-2.13565258939821,-2.1257396683882566,1.9726402185875624,44
2021-11-30,-2.2659746487183514,-2.130624501870567,1.5631196562087002,37
2021-12-01,-1.8060229959491645,-2.098208069235212,1.4071400407810186,10
2021-12-02,-1.8698448889032047,-1.8361963410169606,1.0885877046872272,29
2021-12-03,-0.7695672802798927,-0.7490971222817916,2.583655025143905,45
2021-12-04,-0.5206056252861283,-1.0080568060722555,2.7611678019409114,5
2021-12-05,-1.5899424568211176,-1.5717014312915845,1.5067602131931812,44
2021-12-06,-2.195511921771277,-2.2426740026417664,1.9191400219200627,39
2021-12-09,-1.2014839481140642,-1.179609154716216,-0.7038444242221109,2
2021-12-10,-0.8366711339079083,-1.0532056217880457,3.027095676904179,21
2021-12-11,-1.6202685102489411,-1.5909134604641006,0.4365707458049428,42
2021-12-12,-2.0579913243406893,-2.0300204333915506,1.7862233623699986,41
2021-12-13,-0.10374472372534467,-0.21460019788668583,3.2521290391746005,6
2021-12-16,1.4501800667273699,1.4802067747106435,4.886163535003041,41
2021-12-17,2.602999563068762,2.1364590074758287,6.279590833437876,9
2021-12-19,1.7391648273450289,1.7448314416939525,5.8517827848557635,37
2021-12-20,0.6650229483336632,0.6845268044712584,5.08170480397907,31
2021-12-23,0.04420652633495118,-0.17286986227649467,3.379901510032979,25
2021-12-26,0.247870125845484,0.7177387162395171,4.102380997178412,3
2022-01-01,-2.947331000888299,-2.9097836815730496,0.690221682257075,29
2022-01-02,-1.8879575638067856,-1.871889882039456,2.2756818890783403,43
2022-01-03,-2.38387585019143,-2.1581228861098425,1.7338186973406833,9
2022-01-04,-1.422124640461211,-1.406836230364589,2.3340664367139663,43
2022-01-05,-0.9791309397978079,-0.9626741014753589,2.8821315566908146,43
2022-01-06,0.07635242778479337,-0.3670448852679355,3.8729594408825063,10
2022-01-07,-0.3641634274537999,-0.3563118022334048,3.004939013300456,44
2022-01-09,-1.437244351161852,-1.0006312673827034,2.3347228778892726,15
2022-01-10,-1.0932180261150382,-1.221782774706292,2.9115208675233317,25
2022-01-13,-0.8338643957329588,-1.0721065473383014,3.5080190450332838,3
2022-01-14,0.9899466188514866,0.4747543217668803,3.7843851546593976,4
2022-01-16,-0.3904958202590028,-0.33583667340368695,3.519869585099089,11
2022-01-17,-0.6505157720318369,-0.45304554069197217,2.6217758189304163,31
2022-01-19,-0.4524866294721676,-0.38957071348474426,3.5867230527818483,2
2022-01-20,-1.3917671468867658,-1.4071435400452912,2.5844872099107796,41
2022-01-21,-1.052244754844129,-1.077838075089444,3.0846933847283875,42
2022-01-23,0.4348415340121793,-0.03285452632903713,3.976088097016217,12
2022-01-24,-0.8994787077876643,-0.8953330290016511,2.9112247742099084,41
2022-01-25,-0.24469359129225887,-0.12475857589693845,4.087060192872638,19
2022-01-27,-1.6156193313262954,-1.6807469236539125,2.598483239583671,39
2022-01-29,-0.048742463996544895,-0.054516005001258624,3.9680452039727587,38
2022-01-30,-0.9063951245885051,-0.9514036950327502,3.0205825159949073,47
2022-01-31,-0.9360266681218766,-1.3921173046749795,3.5614909136612027,14
2022-02-02,-0.06333233944040434,0.15091118470394782,4.562817428988897,10
2022-02-03,0.8778518341646012,0.8256333006391237,5.403892211956141,48
2022-02-04,2.078627576119482,2.0284555155140995,6.394446625502481,48
2022-02-05,1.0003068408946825,0.8351401990878462,5.379322850217583,39
2022-02-06,1.6538919616885037,1.5968285449731467,6.469239795888204,45
2022-02-07,0.5612209752112816,0.32947759520021547,5.356854756358387,34
2022-02-08,0.5325756208146265,0.4631617612039387,5.368528265682793,41
2022-02-09,-0.045577772035242735,-0.09344796200942879,4.815150183837269,48
2022-02-10,0.6690866905815428,0.6163317671546651,4.925370880477953,45
2022-02-11,-0.20240859981769707,-0.23284783722262165,3.859529858078914,46
2022-02-12,-0.1850847948195336,-0.23347821939699884,4.537248703709973,44
2022-02-13,-1.8052774926844095,-1.8517358724976543,2.631337194829997,46
2022-02-14,-1.2575151639102093,-1.3065988186758408,3.260298010342666,46
2022-02-15,-0.5409281796462394,-0.7393360105905736,3.541028241307753,34
2022-02-17,-0.44675385110345467,-0.12993467586556975,3.7890591220649528,13
2022-02-18,-1.3601736871602677,-1.400486930247539,3.0608175335480325,44
2022-02-19,-1.2006850398808975,-1.2361502413429972,3.485396089395243,48
2022-02-20,-1.1710060989029891,-1.5677391379659276,3.3496846281726445,8
2022-02-21,-0.6780539373688225,-1.1230408758796335,3.539993381174056,11
2022-02-22,-2.041452165347963,-2.1097942549637314,2.173739441186151,43
2022-02-24,-3.1485308479463194,-2.742679127438271,0.9458021834510832,7
2022-02-25,-2.1237097453112885,-2.1057837709499503,1.8615816185859613,39
2022-02-26,-2.128613083764939,-2.1684027829508588,2.2622637666158685,47
2022-03-01,-2.163443079515809,-2.2014217314494124,1.647624122639857,47
2022-03-02,-0.3596880566514186,-0.5371953437427145,3.8916563036303087,27
2022-03-03,0.5898523374497829,0.7260950351850751,-8.84990666815244,22
2022-03-04,1.2513494618400727,0.9213804007594611,4.554575355189661,15
2022-03-05,0.7237386812027603,0.6651374718038512,5.635359644840965,43
2022-03-06,1.7573930421050388,1.7231463873769215,6.0181153723987135,46
2022-03-10,-1.099960217969096,-1.1229922699312593,3.5411879560156567,45
2022-03-11,-0.7947802062992246,-0.8169180286774643,3.754664285625986,48
2022-03-12,0.06519608220204257,-0.09607341114623763,4.914640091713607,27
2022-03-13,-0.2730720405676295,-0.2912491514867297,4.130895689663738,48
2022-03-14,-0.3994503621530793,-0.5058073637228794,3.622394745971036,19
2022-03-15,-0.4397436979935767,-0.5815284331933894,-2.308524402822587,30
2022-03-16,-3.0430520618789707,-3.060193469761387,1.4013861532260474,46
2022-03-17,-1.9306686879575237,-1.943870248453226,2.929104425897666,38
2022-03-18,-3.1188498508404696,-3.134236425966494,0.7865201647024866,47
2022-03-20,-1.8431292492303326,-2.119160126625457,2.193909186449461,15
2022-03-21,-2.9084204130708886,-2.9455102251716663,-3.7509725152502504,44
2022-03-22,-2.963395463398491,-3.016447480178715,1.3515104260151123,39
2022-03-23,-1.765205346648104,-1.772359254470402,2.2997535779958334,46
2022-03-24,-1.1499009201803392,-1.1602278479668566,2.8751776112847516,46
2022-03-30,0.6085881386230736,0.49963482240473595,5.375096231693854,30
2022-03-31,1.2332519810699814,1.051615491065796,5.791262886690629,17
2022-04-01,2.4279300312610554,2.4334868274795776,6.880672095793017,46
2022-04-02,2.078431572783957,2.0779797427001627,6.56398346562348,46
2022-04-03,1.4363831990639466,1.4765767512143508,6.123077050078307,28
2022-04-04,-0.22233263880463233,-0.20518841190304943,4.519134261845359,29
2022-04-06,-0.7233918168474737,-0.714500330411885,3.9944183701207114,46
2022-04-07,-0.26809329334394955,-0.26859341254297836,3.987160240983778,44
2022-04-08,0.26653547403148453,0.26366061004465946,4.736132474402521,42
2022-04-09,-0.1209281082881226,-0.26597045497403227,4.5371543880762255,21
2022-04-10,0.1947617219230705,0.1055832886776201,4.694609459735211,31
2022-04-11,-0.7690303857127097,-0.7675893789970734,3.8107294656626323,46
2022-04-12,-1.93558950281958,-1.900298780176251,2.56731272061117,5
2022-04-13,-1.1037052509088205,-1.1004573718917452,3.503778403484259,45
2022-04-14,-0.7812478872561159,-0.7610321230272036,3.3508805752687776,47
2022-04-16,-2.4695299777537256,-2.367653388528495,1.5532527575883304,31
2022-04-17,-1.8460177507810713,-1.8346268172312266,2.267771391910145,48
2022-04-18,-1.1632048729822495,-1.1621393446363864,2.503843594236721,37
2022-04-20,1.9835838106632613,1.9922874939711004,5.9142453209204415,46
2022-04-21,3.4511606235433603,3.4520196355551183,7.483833871372636,45
2022-04-22,4.317649834926071,4.290721134389835,8.79704968076378,36
2022-04-23,2.687764774780448,2.7167208701656556,7.438367936701273,44
2022-04-24,1.0536556736469807,1.0080586275650207,6.37830151148433,35
2022-04-25,0.029587087576980614,0.03969459569405608,5.400745118181227,38
2022-04-26,0.8452718933351402,0.6754612610434474,6.045536374897131,2
2022-04-27,-0.033554999377162664,-0.015439836676590133,4.60828106390565,46
2022-04-28,0.9011086052567564,0.9193109449978417,5.5416184881939,44
2022-04-29,1.0600095633020805,1.0747549593088337,5.423068787829166,46
2022-04-30,1.558476850157002,1.48706669672741,6.216032211242006,16
2022-05-01,1.674157122631175,1.6795059127257894,6.631113515352505,45
2022-05-02,0.01927127189597299,0.03250777255990471,4.657520470182974,47
2022-05-13,-0.6963760144892064,-0.6031308869037237,-6.376947232182295,25
2022-05-14,-0.3758642345470543,-0.35370381713109605,4.048473937000474,44
2022-05-15,-0.1934011568571091,-0.16538063363369226,4.318832656585281,37
2022-05-16,1.855344277169155,1.8787434300872228,6.114717598982522,46
2022-05-17,4.318287190534946,4.312837553205663,8.48883490149488,38
2022-05-18,5.506854894079473,5.528731668684004,9.740095948076233,44
2022-05-19,5.597071865338014,5.6240517487104285,10.11452026883497,46
2022-05-20,4.433905123755603,4.45585264207022,9.028446732398777,43
2022-05-21,3.3525629985430605,3.383639663578409,8.72765880848647,40
2022-05-22,1.5502300738246368,1.6653523644214894,6.66714301651028,23
2022-05-23,-0.021915646030494534,-0.01757078969993693,4.952961822131674,34
2022-05-24,-0.27852625722333857,-0.20548179939442296,4.293218878731131,31
2022-05-25,-0.3405088242737616,-0.3097889348804532,3.8702353968157466,43
2022-05-26,-0.15596411336231983,-0.13275447465628887,3.9667223919189754,38
2022-05-27,0.7032420002499669,0.7374488709694837,4.9130374751705785,43
2022-05-28,0.8465691927333034,1.0120447371552908,5.188088712734906,8
2022-05-29,-0.3632268031563026,-0.3297232124624508,4.210131720526422,37
2022-05-30,-0.33093165851947376,-0.293833034806525,3.8958590159138273,42
2022-05-31,-0.9313814422042671,-0.884763506872327,3.406819263984451,39
2022-06-01,-1.1066836853105146,-1.0591596858449426,3.1007962322845417,40
2022-06-02,-1.8095563976918154,-1.7562676580602887,2.5539821556903597,26
2022-06-03,-1.73634632991891,-1.696593409817935,2.26739828971656,42
2022-06-04,-1.8578493170762493,-1.8507855560838995,1.9494667806642108,28
2022-06-05,-2.154153081402559,-2.1036151137422996,1.7153699412708612,23
2022-06-06,-1.4510030323843846,-1.4082699869159072,2.348151189906611,41
2022-06-07,-2.187696324253127,-2.2998372467385666,1.925972238944973,12
2022-06-08,-1.8250485985408766,-1.6813517329242662,1.407259298872643,16
2022-06-09,0.21725787586470868,0.20335435927686885,3.485496723475534,20
2022-06-11,0.5111050161788181,0.4581395501904437,4.186708113044668,1
2022-12-01,-0.5032191581254668,-0.7288178072540559,0.5861562246589802,5
2022-12-05,2.8677753173338982,2.5861184237237134,3.8169093570704815,21
2022-12-06,2.4944312499720374,2.8049948722327684,4.110183632213178,22
2022-12-07,3.405406331659621,3.6227550909752257,5.04443653973909,22
2022-12-08,1.7652394777266156,1.733700262422831,3.534814200195653,23
2022-12-09,-0.341432674991003,-0.3288583235227308,1.919715485355984,42
2022-12-10,-0.2901409200286851,-0.25356013566061936,2.2323410867842908,43
2022-12-11,-0.5929916730271922,-0.8090692262554567,1.9457688685883445,11
2022-12-13,2.081066299560073,1.577777336093514,3.8425684958786244,1
2022-12-14,1.2371210744638872,0.866108230183871,2.9699964842216,21
2022-12-15,0.3481208235930398,0.3700742468021607,3.669725436812672,41
2022-12-16,0.7376753085756657,0.7308873083671361,18.468439967074165,23
2022-12-17,-0.8487574882263876,-0.9226910846515708,1.3636080904393566,17
2022-12-19,-0.4800725868207184,-0.443204866314648,1.2136635950070929,42
2022-12-21,0.7624777242631979,0.7831178509085379,2.4159588934492726,39
2022-12-23,1.7345268864242145,1.7510207152560988,3.052364391965896,42
2022-12-25,0.16889577969682182,0.45960114046438044,20.92602863061923,23
2022-12-26,-2.408019856760494,-2.3010609870877765,-0.1939657010364515,31
2023-01-03,1.9607505547503443,1.9181852457583874,3.648717181079859,25
2023-01-04,1.92003437700695,1.959749120990665,3.428364794399359,35
2023-01-07,2.141891699566058,2.138017267799963,4.060275615471971,40
2023-01-09,2.4029671434041444,2.1443375149119035,3.9368399520573094,22
2023-01-10,1.3057503603793699,1.9094663189228562,3.02724676671819,7
2023-01-11,2.5345714210628203,2.9996517566159273,3.8805188009357794,2
2023-01-13,2.311846887952835,2.2535221483748527,3.879926561080178,5
2023-01-19,5.748009701225637,5.759581189854218,8.118415444881473,41
2023-01-20,3.1945918287095036,3.1861792544559266,6.0498159601663115,43
2023-01-21,0.6663815964474574,0.6593721628511741,3.9084497419855824,40
2023-01-22,0.42575468910991804,0.2904146552679556,3.331834390858286,37
2023-01-23,0.5143697023677903,0.12979449039614738,2.9949331524931244,18
2023-01-24,-0.7465468709924415,-0.7706167744274491,1.2263013131108735,44
2023-01-25,-0.8551207875314447,-0.8561308871094991,0.6359180030430966,42
2023-01-26,-0.9183822248048609,-0.9490999943756969,0.6958814542684832,47
2023-01-27,0.2875756579716498,0.06704980933346032,1.915802069039536,34
2023-01-28,-0.3475770845772328,-0.027122143776200543,1.3896070980316155,19
2023-01-29,0.449088386805667,0.40611188086881594,2.1471988306169987,46
2023-01-30,0.7327196210274176,0.6866442756397972,2.3646320862572745,45
2023-02-02,1.0684588962034243,0.6741676182879716,3.1728409217231146,23
2023-02-03,2.5587053004714946,2.053306472275943,4.085357049604905,8
2023-02-04,2.566599611393575,2.4673134805016494,4.691002199217493,44
2023-03-01,-1.4798636901552034,-1.8894462524959654,0.3754622966230148,9
2023-03-03,-0.19278130112804204,-0.1940039337678711,1.3186502424947966,43
2023-03-04,1.9280905425537855,1.8829083841559553,3.7470814059485003,44
2023-03-05,3.9707363377450293,3.5288520741524696,5.713169807221714,6
2023-03-08,2.3967285144911443,2.407254164235036,4.457753608427613,44
2023-03-09,2.198384480948998,2.1376104829251603,4.194503528322531,40
2023-03-13,0.7877464791471024,0.8042841626987286,2.6863892239711484,21
2023-03-14,1.9328829783026562,1.7311536511328949,3.79253958151073,9
2023-03-17,-2.8515310737037436,-2.530374938391446,-0.6133963304067835,7
2023-04-01,-1.4136760942668471,-1.4033911962154104,0.605303667599828,42
2023-04-02,0.11406978385342229,0.11427464166716354,2.056072294368234,43
2023-04-03,-0.7834103884604892,-0.7729137091121892,4.1895737900788,46
2023-04-04,-1.531040769519493,-1.4957099456048881,0.7567128605480322,41
2023-04-05,-0.8205037087615179,-1.0304115639671751,3.21955723089153,11
2023-04-06,-1.245916406833766,-1.2776083830525122,0.2969999710987947,22
2023-04-07,-0.7030255421015025,-0.9517223519971738,0.8552684962217683,3
2023-04-08,-0.09233720269949637,-0.19272896763970015,1.593856893755592,22
2023-04-09,0.5054043807178781,0.5856074668552969,2.0589864619149534,35
2023-04-10,0.9522234770880003,0.8736891995250532,2.5986233043000695,27
2023-04-12,2.438289499586894,2.4846212931600387,4.006247415653048,11
2023-04-13,1.2644180753019985,1.3372858133419234,2.8071950206811813,35
2023-04-14,0.7159514544098299,0.7514103424778252,2.8091332961588567,43
2023-04-15,1.9611969325060994,1.9746136597757769,3.5964383953843893,47
2023-04-16,2.2486565493385586,2.219845958936279,3.8718461800284665,37
2023-04-17,1.8509578045296404,1.8692576602138442,3.151822229289354,46
2023-04-18,2.017570606590311,2.0200574485816047,3.4711122982285136,15
2023-04-19,0.09038816129592933,0.1039426934185367,2.204639640942103,46
2023-04-20,-0.3006239382907823,-0.2789210552632767,8.439243078623889,47
2023-04-21,-1.034173253121005,-1.0133745601776523,0.9775970622314567,48
2023-04-22,-1.0616164260890366,-1.0526633345434098,0.7823826887347796,45
2023-04-23,-0.5315418025418173,-0.44757164867812577,1.0529442854203719,28
2023-04-24,0.06230827186201876,0.08538167041254431,1.4941724840276294,48
2023-04-25,0.28519406956057514,0.29646042991699306,1.8707506517606953,43
2023-04-26,0.675576226717036,0.6956903340692756,2.068686583653907,48
2023-04-27,0.9237412040148387,0.9516292072948344,2.724060440332039,41
2023-04-28,1.3321635953671949,1.3651106587966861,3.269037489319855,38
2023-04-29,0.3251481323410386,0.3389557689153265,2.539304312854447,42
2023-04-30,-0.3180314373579566,-0.46606882079910583,1.4933055410339025,1
2023-05-02,-1.6927154956378279,-1.6640995707795005,-0.04577353092692249,45
2023-05-03,-0.9262957773187755,-0.9972563710813062,0.5362474199262124,16
2023-05-04,0.7073978412086727,0.7304613480423826,1.6932399392545383,46
2023-05-05,2.4604713475585993,2.4872580439821705,3.5959553463797045,47
2023-05-06,2.5819307992046316,2.604856160881072,4.087464692233329,47
2023-05-07,3.4690412701192384,3.4680208563227333,5.079460899633088,30
2023-05-08,3.3414251297664603,3.3651836973106164,5.323888532992944,47
2023-05-09,1.4301858905143332,1.4556004054597143,3.858586150227401,47
2023-05-10,-0.1886094539560706,-0.13992213090181332,2.338717553408216,40
2023-05-11,-0.7868055134596217,-0.7684735340776959,1.5373788445449854,42
2023-05-12,0.43505230322596256,0.4445633529383801,2.3308856579118586,41
2023-05-13,1.7444725053113155,1.7623092286306001,3.328272281047724,41
2023-05-14,1.4218413797252762,1.324094972995004,3.234269598396362,18
2023-05-15,0.6129252323526571,0.5591831103199415,2.1596038848699273,21
2023-05-16,-1.246338263846511,-1.3450986547881731,0.16459326812580777,4
2023-05-17,-1.9977487960206681,-1.9886729317378473,-0.5505821917148701,4
2023-05-20,0.6927242713061303,0.6219330140609808,1.781465705093206,16
2023-05-21,2.939101287979925,2.9740328384401025,3.9493517528196476,28
2023-05-22,3.6869004894523094,3.7202113208723544,4.7700132691786035,38
2023-05-23,5.1781745049994665,5.255074494911807,6.623061525505087,36
2023-05-24,3.633504425144702,3.6693046060366035,5.5357285118470445,42
2023-05-25,2.2433099270538315,2.279395206723934,4.716957215116797,39
2023-05-26,2.020208405839039,2.0622780433106906,4.747507350690312,43
2023-05-27,0.7431409218567393,0.7845467133654699,3.4582835692214164,43
2023-05-28,-1.3224624111338237,-1.2779587079895547,1.007720218824022,44
2023-05-29,-3.913700919939301,-3.864352593915569,-1.4483609554532917,41
2023-05-30,-2.172547887400268,-2.176712094281871,0.010806426935978664,28
2023-05-31,-2.9530250597370675,-2.9122925576528678,-0.9639623806256647,39
2023-06-02,-0.9004108988694864,-0.8625545446288211,0.5856384534888193,38
2023-06-03,1.66032868742563,1.7027185627097272,2.815003669147571,32
2023-06-04,0.9656585195845423,0.9368073499177159,2.200968459412773,24
2023-06-06,4.084622781143492,4.196548208698178,5.7389123762236105,28
2023-06-07,4.186446208860936,4.138901524086513,6.374206303557801,16
2023-06-08,4.513435930090141,4.65590470065717,6.446127181516288,11
2023-06-09,5.800650001473454,5.945576154636469,7.765388323113704,23
2023-06-10,4.426666841904764,4.455852802272398,6.663142953465835,40
2023-06-11,3.1197350448777987,3.1503182711170594,5.540226767768015,46
2023-06-12,-0.378389052324847,-0.31797644564182437,2.2158825594634957,38
2023-06-13,-2.0110102284722906,-2.005012543293925,0.12089469276234777,41
2023-06-14,-2.454526192728495,-2.4241958222126287,-0.9368061133701966,44
2023-06-15,-0.7234752017503546,-0.7046242572188395,0.47680081314784406,47
2023-06-16,0.7150922247859554,0.7623582647013056,1.812903013275875,37
2023-06-17,2.9939397051532177,2.8641330966117167,3.924272772032351,23
2023-06-18,4.783077566773276,4.862986508349777,5.7046521743380385,8
2023-06-19,5.4093360742767596,5.294562694066271,6.566932302036772,21
2023-06-20,4.352143238386478,4.363588783775254,6.420279213799414,28
2023-06-21,4.046874054299688,3.881852950838798,6.102596198564254,2
2023-06-22,3.7478101690550916,3.7665734424075685,5.861834408842155,43
2023-06-23,3.339725935804522,3.346705036314945,5.733779863650774,44
2023-06-24,3.121238448339313,3.117352202131775,5.139772710951802,43
2023-06-27,1.189287994792077,1.1996124128547465,2.453832891373926,45
2023-06-28,0.9715495227733599,0.9783304795018338,2.2543026189878645,41
2023-06-29,-0.18817603474719533,-0.17822114303671077,1.31976049418971,42
2023-06-30,-1.43164809575302,-1.4107876518293474,0.4771761672535302,38
2023-07-01,-1.2925914245851802,-1.2734387117021158,0.4107896456410254,43
2023-07-02,-1.545401824059259,-1.5266348047243805,-0.01666293638256544,45
2023-07-03,1.145106673569492,1.1504935036932173,2.4041931051022214,48
2023-07-04,2.543935798944569,2.546184692768739,3.703815771233039,47
2023-07-05,3.561427457808535,3.57087857467499,4.715832064448384,48
2023-07-06,3.3982639188677357,3.4107330543716543,4.602049374781609,46
2023-07-07,2.659714923927754,2.6746286116938123,3.924542839336649,45
2023-07-08,2.1810193707118084,2.185891549364451,3.554028187821374,47
2023-07-10,0.7139312548074599,0.6396085171863597,1.9458237843418447,6
2023-07-11,0.1964217205232793,0.5337266475123885,0.7048156130185124,2
2023-07-12,-0.5430312487485253,-0.33981256311227737,-0.12138307314922159,11
2023-07-14,0.9442320072493432,0.7588001130280673,1.4609028220333897,14
2023-07-15,1.7044999005647523,1.9024589412539494,2.2666534474842415,13
2023-07-16,3.909876439548606,3.913643082970819,4.416086570889339,3
2023-07-19,5.482846172478658,5.389425186076936,6.057632736263825,27
2023-07-21,2.287249536909433,2.239407587726367,3.746790148661656,33
2023-07-22,2.727357240495248,2.6512269671029034,4.303850094358315,21
2023-07-24,2.2620250317607318,2.230525939815889,3.1002985680499595,15
2023-07-27,0.26918793664484575,0.268052397061404,1.035652583182296,39
2023-07-30,2.312804210251162,2.2976465235078622,3.1944378672990226,32
2023-07-31,2.8090205115353415,2.6030340238168277,4.284149786756859,21
2023-08-01,2.861141492008402,2.4293838218635253,18.402119777868336,3
2023-08-02,2.659074142120717,2.733111730538232,3.8485876873190117,37
2023-08-03,1.7919877887287061,1.7956427671116633,3.161284825324313,42
2023-08-04,1.765895203674923,1.7760076881593139,3.4617684405297178,39
2023-08-05,0.7011487292802224,0.6903024099147922,2.2677255789157647,47
2023-08-06,0.8952010639402315,0.8690171956505146,2.1655187142655308,46
2023-08-08,0.5840120395903623,0.7254490383881759,1.6917344178588767,6
2023-08-11,0.328331417600124,0.8207051413284294,1.43949795473854,2
2023-08-12,1.3476193112733217,1.3132713152708257,2.508367380812744,20
2023-08-13,1.9064859713622804,1.3992969953968777,3.1127957696519726,3
2023-08-14,2.981214740610193,3.034658032847762,3.9526460075845105,33
2023-08-15,3.3613250320224193,2.979950475572124,4.077701674360075,1
2023-08-17,1.6595711393188786,1.5138344278118498,3.1686344922280574,32
2023-08-22,0.3129129685266445,0.19175697152813637,1.2194361823278,32
2023-08-23,1.3221463788089958,1.032612073075879,1.9346995136816547,6
2023-08-25,1.1875593296342677,0.7163219501298042,1.9655740511877084,11
2023-08-26,1.0309793946794112,1.1460909611431043,1.55245234918024,15
2023-08-27,0.5874148718757211,0.4468995063744826,1.2734371026378488,22
2023-08-28,-0.2689404398466172,-0.48905686819508254,0.8302805354894094,24
2023-08-29,-1.615981849327579,-1.7551586005033033,-0.23160929458696966,34
2023-08-30,-1.8745875381030075,-2.144759120887243,-0.629785508271401,20
2023-09-02,-0.2016114782520494,0.38610934271364816,0.48959715384257585,2
2023-09-03,1.2930313676453609,1.665427021446978,2.489397118280796,20
2023-09-05,0.5634230599571177,0.2943140666949298,2.392367555317927,24
2023-09-06,0.02236789873772995,0.0502361167012651,1.522016456337778,46
2023-09-07,0.9524690722587963,0.7894093328922129,2.0918198931479015,35
2023-09-08,2.290493279679356,2.9173858862171635,2.8860945219850898,1
2023-09-09,0.2167383914928,0.23113995981915103,1.3499736778381966,22
2023-09-10,1.0358348754390339,1.300955995972628,2.093132807137872,5
2023-09-12,-0.22010251214701776,0.43747743170338044,0.8202792121942037,2
2023-09-13,0.872452523788303,0.42116842728785603,2.145005996,8
2023-10-12,1.7037458666659442,2.4796640822848386,2.7183518805723628,2
2023-10-15,0.5784226807604194,0.6492608098642122,1.8454748549988809,47
2023-10-16,-0.07892579342597593,-0.3546911661161929,0.9183010749307563,22
2023-10-17,-0.5662005045766089,-0.34288354008017013,0.45685094577553986,2
2023-10-18,-0.9758111701783417,-0.7316320851242062,0.33421593964035434,37
2023-10-19,1.1272733426164456,1.203162249313787,2.7656036920412808,47
2023-10-20,-0.3396988052412292,-0.26726513828892445,1.1165546993388187,46
2023-10-21,-0.42231568072354814,-0.3126648819857127,0.8252959236424617,43
2023-10-22,-0.8897984712337569,-0.8111228529668544,0.4474061756463321,47
2023-10-23,-0.8616601206807537,-1.0694704375082458,0.4418659259701929,23
2023-10-24,-1.3924983677909653,-1.3502191914041919,-0.1966251403387842,5
2023-10-25,-1.9776948591699546,-1.2171629463327773,-0.8872221547655368,6
2023-10-26,-1.2793702021649096,-1.2000229340103494,-0.07937693409563629,48
2023-10-27,0.3372982703844941,0.4352738976188275,1.4117248658453052,45
2023-10-28,1.34035715714956,1.4124914140805025,2.7360694055069867,47
2023-10-30,4.905651414745107,4.92606335071476,6.657684831655981,41
2023-10-31,4.100829003309637,4.085486125735336,6.286352795015011,38
2023-11-01,2.5547896117178253,2.413864578931221,4.955922722469603,31
2023-11-02,1.6336009207733,1.7239985725042497,3.727307948893217,47
2023-11-03,0.6721022705104476,0.7604872089393993,2.7510444623152397,47
2023-11-04,1.4255394061640208,1.345706780590839,3.2348245240986406,37
2023-11-05,1.6330712391548405,1.56972420481026,2.7849486887786723,31
2023-11-06,1.741570367247224,1.8280496378838385,2.9613103554366926,47
2023-11-07,2.47933447330416,2.5627253444525717,4.0280721400122355,48
2023-11-08,2.785093971418558,2.8787012425069496,4.552344906301871,46
2023-11-09,1.7500314532227232,1.8339788862989124,3.8257543117820214,46
2023-11-10,-0.18789151997845008,-0.10497919737831593,2.290973691079685,47
2023-11-11,-1.2310149173535305,-1.14534324782648,0.8448181097116159,47
2023-11-12,-1.6157087990639343,-1.5320247950066432,0.2967928401039943,48
2023-11-13,-1.5510376469914298,-1.4882582018963464,-0.2401469835032577,46
2023-11-14,-2.794828504900555,-2.0958950708933255,-1.9502085023303906,4
2023-11-15,-2.263012431589617,-1.9473322288390988,-0.9907232594040627,1
2023-11-17,-1.6246815409964583,-2.0122369697922915,-0.486551714344845,5
2023-11-19,-0.9540425764042182,-1.007323432442671,0.12580841519429065,39
2023-11-20,-0.515629660365981,-0.30868461911340417,0.5357362396199061,36
2023-11-21,1.4171038124730142,1.4741906695250333,2.555470787958831,46
2023-11-22,3.5349321377945997,3.5989299883026367,4.677180382698616,37
2023-11-24,7.963377612633554,7.921759774124294,9.120264235536041,5
2023-11-26,7.629996236631833,7.200492291954812,9.720106548526859,3
2023-11-27,5.839163255922513,5.98864231579956,8.332524077748221,5
2023-11-28,1.4301216466475377,1.4594514185979508,3.9994304794372004,6
2023-11-29,0.6761530966347522,0.905191423235385,2.939052001510918,17
2023-12-02,-1.2272016134781485,-1.099507655917448,0.4317029177685239,37
2023-12-03,0.7149163400046334,0.9133105953994061,1.9333419754911274,30
2023-12-04,2.4061168339912853,1.7599825671914844,3.4520887428730784,4
2023-12-06,0.400917109938261,0.4397196353804487,2.107584872656072,41
2023-12-07,-1.9381354126310384,-1.6046258798119941,0.2454479443385793,24
2023-12-08,-0.2257356977000417,-0.20469772247861645,1.8343561432751132,43
2023-12-09,-1.6372296088274199,-1.598665302285622,0.006535046558027169,44
2023-12-10,-1.2671176107056836,-1.224516975845107,0.31857439348383476,41
2023-12-12,-0.2192514453421411,-0.2648184910042507,1.1474752629888796,21
2023-12-14,-1.1829601880318101,-1.1673290326295185,0.45280327879972493,42
2023-12-15,-0.925147438769633,-0.9039883216488541,0.48743568286448546,41
2023-12-17,-0.18130864508472702,-0.14558097148344595,1.3564027838447634,43
2023-12-20,4.6628437997098695,5.131281343108783,5.614327580933738,14
2023-12-24,3.388141708796403,3.3645998525098713,6.067395463823306,19
2023-12-25,1.9563279042846622,1.9865146273185446,4.270511898910829,42
2023-12-26,0.33011370661863204,0.26393497200594873,2.889945648077892,32
2023-12-28,-0.6507053400422147,-0.6386466364431194,0.8973342580193178,19
2023-12-29,-0.022024339848503917,-0.41655059869302674,1.5762907229442025,17
2023-12-30,-0.43870616752593394,-0.10753577291488496,1.0734828898968551,23
2023-12-31,1.0271763749486187,0.5117715126874125,2.5720654948755595,7
2024-01-03,-0.033022764126250936,-0.2943764491502575,1.6223824144679,15
2024-01-05,1.2783820593596347,0.9960924569787155,2.586321134196785,19
2024-01-06,1.308707894985539,1.4770193732453747,2.7947200155882435,34
2024-01-08,1.8576754262593953,1.8817255296087279,4.143405269669294,44
2024-01-09,1.3275417480964968,1.3426312765657673,3.3208219752263357,45
2024-01-10,2.1118793555889486,2.15264849151134,3.930585176480834,42
2024-01-12,2.411589549263759,2.40947777537652,4.11857429689257,36
2024-01-13,2.21055017810028,2.2295823035590208,3.9751247379244026,44
2024-01-14,1.0845310158939157,1.127894105017276,2.7143894727792617,42
2024-01-15,1.917460663455646,1.8775530588116618,3.7793514213840984,41
2024-01-16,1.9100568034463887,2.2199362822326134,3.678964304258532,23
2024-01-17,1.962114943075314,1.8000995510414544,3.4882538401857133,20
2024-01-18,2.6973749673922263,2.689215808016603,4.233865975007207,45
2024-01-26,-2.3812361412230705,-2.512905977405188,-0.4758741872257044,21
2024-01-27,-1.1095269910571814,-1.2452784405357917,0.42826685096277295,38
2024-01-28,-0.5308609774017561,-1.2173924917180496,1.1449480567168502,1
2024-01-30,0.5302846901519879,0.6223308953154792,1.8398937929277226,2
2024-01-31,1.725584641287813,1.5179097322603683,2.8379720127932506,24
2024-02-01,0.6915290530930384,0.7971364271334686,2.0831331353695814,27
2024-02-03,0.10174778807515548,0.2081458814260812,2.0772072896980864,21
2024-02-04,-0.8345718715107,-0.7749099646872029,0.7205940999842797,36
2024-02-09,4.121048628642013,3.9282618959218376,5.520771627744354,12
2024-02-11,1.7726826886723897,1.9454741413495356,4.068449583130702,29
2024-02-12,2.2539441699816387,2.1689807308208002,4.6888063030669125,42
2024-02-13,0.181998399466406,0.11715435833087795,2.864168879557334,44
2024-02-14,1.179209126012069,1.137627650085044,3.552793758272572,47
2024-02-15,1.1420149370320303,1.1026737333968288,3.4078441719257624,47
2024-02-16,0.9351602943092433,0.888610179277011,2.86046340903769,46
2024-02-17,0.40479688176783496,0.4076001729972666,2.168657661659652,27
2024-02-18,-0.9780011918676923,-0.8960751270836876,1.0378054860189678,24
2024-02-19,-0.057824672162944894,-0.5027452251855975,1.7684211590795096,3
2024-02-20,-1.5811482796907317,-1.5401860181566942,0.10265134916078278,21
2024-02-23,1.8172068091903264,2.297045623144296,2.800224761127197,2
2024-03-01,-1.0166928452558117,-1.0383278533536076,1.2780667140484159,46
2024-03-02,-1.9639738541682756,-1.9661880316697418,0.35130784856964414,43
2024-03-03,-1.220337768655074,-1.254355202884246,0.5297394538277445,46
2024-03-04,-1.103096035493812,-1.1182361996492014,0.5077414319958518,47
2024-03-09,1.654892424715148,1.5370016238690292,3.8554697108757097,12
2024-03-10,0.1502035933943084,0.13354635614775173,2.4253882508956837,48
2024-03-11,-1.1340488197631111,-0.7941371353568621,1.0188546122195286,2
2024-03-12,-0.6062213790515978,-1.0391579057147449,1.3132359378361835,1
2024-03-13,0.5023204336468623,0.3157000534425282,2.1757779223857865,7
2024-03-14,-0.2813842752858252,-0.3338921117268078,1.2220520026406012,3
2024-03-16,-2.5318058036923317,-2.170296963815362,-0.8337828333861808,6
2024-03-17,-1.5447238868137545,-1.2975006077132594,-0.054575693181884155,5
2024-03-18,-1.9676036230286003,-1.8845889369542554,-0.4000180724002922,18
2024-03-19,-0.6886445818957365,-0.8113895111409655,0.9785252888724516,33
2024-03-21,3.042514284701492,3.0233906045144034,4.11313335246934,46
2024-03-25,2.589504469843158,2.871667954352294,5.598627825103137,1
2024-03-27,-1.0106170380363846,-1.006970150503669,2.0870601361692342,43
2024-03-28,-2.541467233349481,-2.880655481906877,0.3318532690743847,1
2024-03-29,-2.8356365365113056,-2.8319691556892805,-0.8130666134333708,48
2024-04-02,0.21101341832387152,0.13579837531710132,1.3476380414014955,6
2024-04-03,0.09747065812461171,0.1076068192887245,1.5495859104620768,47
2024-04-04,0.22092685107435386,0.22476994063744854,1.7208153411362348,46
2024-04-05,0.1869750313595567,0.1775507941440438,1.7791490701046975,45
2024-04-06,1.332471499924027,1.443552897026994,3.062009029349295,30
2024-04-07,-0.9571635115549176,-1.0249835728104477,0.646607036247655,34
2024-04-10,-0.8086615433296092,-0.796620316377993,0.8447043333557236,46
2024-04-11,-0.682358843541373,-0.6721149246141008,0.9402235166851192,46
2024-04-12,-0.8827260204757876,-0.8693303066692786,0.8485981150033917,46
2024-04-13,-2.0410136281173643,-2.2498001873001434,-0.21804356150377124,12
2024-04-14,-1.2708614385944246,-1.2212938231672896,0.40416196085126366,42
2024-04-15,2.1746802437275683,2.1914198765850834,3.7690358419331282,48
2024-04-16,3.875041516336463,3.750973160654402,5.4869691975357915,11
2024-04-19,9.7086202727204,9.726954042342298,11.666579867920763,48
2024-04-22,2.6162588844882055,2.5588586649809204,6.151059255025033,34
2024-04-23,2.0584641511920503,2.0669412863526926,5.1774637911852395,43
2024-04-26,-0.15803847686285188,-0.14194399287687337,1.8503623368445643,44
2024-04-27,0.821451976925162,0.9278776551640329,2.760029606546217,14
2024-04-28,-0.7013456047743674,-0.6845188154151061,1.463291907796389,47
2024-04-29,-2.1536574005003035,-2.134284126611123,-0.10866023249010315,45
2024-04-30,-2.5535664150962964,-2.5327227115263473,-0.9354986722511605,48
2024-05-01,-1.4759641426189472,-1.4591169686900043,0.06326940719227458,44
2024-05-02,0.766225775798329,0.8189043288495609,2.312286676447135,41
2024-05-03,2.2767834722898437,2.3014573870608555,3.922404976410516,45
2024-05-04,3.2270017624119127,3.2489474790427018,4.823670079376581,47
2024-05-05,3.244613893004911,3.1640451779659093,5.00780759773813,23
2024-05-06,1.6943423283005479,1.7848213794721977,3.606136027700675,30
2024-05-07,0.9106243147925495,0.9275685679972026,3.0291484747711106,47
2024-05-08,-1.2810250461930281,-1.2426041178692735,1.1363761502699754,41
2024-05-09,-2.591655280908698,-2.569878948269256,0.03431343326589342,47
2024-05-10,-1.8322026531928204,-1.811865620328656,0.39319338657619163,34
2024-05-11,-1.4616160911132048,-1.4509567539059383,0.6882803207274479,39
2024-05-12,0.5789568223001882,0.5996725388157174,2.15207166676314,43
2024-05-13,2.273322336236993,2.2002207197001193,3.871067074217933,22
2024-05-14,4.426341451048067,4.448437312185886,5.9047583724251185,29
2024-05-15,6.257590186519084,6.212538788953085,8.01311331421008,18
2024-05-16,6.986983806000699,6.825434495789386,8.969836781879144,11
2024-05-17,7.810167394767794,7.798713627349702,10.054103442976432,30
2024-05-18,6.358119445470811,6.385715130552901,8.992056766587893,43
2024-05-19,5.759506927874157,5.785797532468995,8.755889879772067,45
2024-05-20,4.3434770150356785,4.244485387822438,6.868278187268446,1
2024-05-21,3.5466566568024365,3.572194572326124,6.144282086124071,47
2024-05-22,1.3420662557666887,1.3401938089371899,3.9695218201283478,41
2024-05-23,-0.7759334730485719,-0.7538386948318325,1.8026928518730845,45
2024-05-24,-1.8926868985067709,-1.8820059998665903,0.38579131482454176,44
2024-05-25,-1.17623157579479,-1.1537282489276195,0.6492417537352813,47
2024-05-26,-0.5778123643978357,-0.5593765092051167,0.936419788928573,42
2024-05-27,-0.6065648717074317,-0.6149427954620386,0.6081955896911806,33
2024-05-28,0.2877811938329298,0.27906971826695437,1.8059724267790633,31
2024-05-29,2.13239757266346,2.148297258433821,3.6077490875321594,47
2024-05-30,3.6652813149809007,3.478665959393828,5.466391806165833,6
2024-05-31,4.335240720594768,4.347258075023608,5.922740598777971,41
2024-06-01,6.041765366620411,6.052740990083837,8.139578691463107,42
2024-06-03,3.427650241032793,3.4437843613188504,5.707408879281024,43
2024-06-05,0.017908750658215705,-0.007924646257441922,2.3578417693314213,31
2024-06-06,0.15049162725403314,-0.01679124372802747,2.5570093451197273,2
2024-06-12,3.956478030166143,3.9510686515262603,5.479570179066657,38
2024-06-14,4.28204573517224,4.288694844609444,6.4664552379032525,45
2024-06-15,3.904521506983865,3.922590737727478,5.913060072106142,43
2024-06-16,4.20097776656487,4.215109075777489,6.30384372052097,48
2024-06-17,4.109132119084414,4.122755208382544,6.596393177046318,48
2024-06-18,0.88570391005043,0.9021942275118655,3.3825541818705185,47
2024-06-19,-1.8543008878772322,-1.8368999780880122,0.8974347143588979,46
2024-06-20,-4.445717025023177,-4.481330277145819,-1.5770597524836605,4
2024-06-22,-3.949405368088558,-3.8760937106786364,-3.628572051094995,3
2024-06-23,0.6246976667641928,0.8098139792834027,0.6098316414151661,9
2024-06-25,3.965205834986103,4.1829433449251505,3.7089672819829067,4
2024-06-27,5.443816980127174,5.460271965802932,6.867065514711852,31
2024-06-28,4.806295527845859,4.744580194385714,6.110814976063157,27
2024-06-29,3.8073490548140647,3.6010755558065455,4.854853441727998,2
